date,rate,cpi,ppi,pcr,gdp,indp,tcu,unrate,cpieng
6/1/1993,3.03,,,,,,,,
13/1/1993,2.98,,,,,,,,
20/1/1993,3.1,,,,,,,,
27/1/1993,2.94,,,,,,,,
1/2/1993,,143.1,,,,64.929,81.698,7.1,104.3
3/2/1993,3.15,,,,,,,,
10/2/1993,2.92,,,,,,,,
17/2/1993,3.06,,,,,,,,
24/2/1993,2.91,,,,,,,,
1/3/1993,,143.3,,,,64.872,81.502,7,104.9
3/3/1993,3.24,,,,,,,,
10/3/1993,3.02,,,,,,,,
17/3/1993,3.04,,,,,,,,
24/3/1993,2.93,,,,,,,,
31/3/1993,3.18,,,,,,,,
1/4/1993,,143.8,,,10637.847,65.0611,81.6217,7.1,104.9
7/4/1993,3.11,,,,,,,,
14/4/1993,2.93,,,,,,,,
21/4/1993,2.91,,,,,,,,
28/4/1993,2.87,,,,,,,,
1/5/1993,,144.2,,,,64.8104,81.1916,7.1,104.3
5/5/1993,2.98,,,,,,,,
12/5/1993,2.9,,,,,,,,
19/5/1993,3.01,,,,,,,,
26/5/1993,3.07,,,,,,,,
1/6/1993,,144.3,,,,64.9553,81.2566,7,103.9
2/6/1993,3.09,,,,,,,,
9/6/1993,2.96,,,,,,,,
16/6/1993,3.01,,,,,,,,
23/6/1993,3,,,,,,,,
30/6/1993,3.13,,,,,,,,
1/7/1993,,144.5,,,10688.606,65.1198,81.3428,6.9,103.4
7/7/1993,3.1,,,,,,,,
14/7/1993,3.01,,,,,,,,
21/7/1993,3.09,,,,,,,,
28/7/1993,3.03,,,,,,,,
1/8/1993,,144.8,,,,65.0494,81.1291,6.8,103.4
4/8/1993,3.1,,,,,,,,
11/8/1993,2.98,,,,,,,,
18/8/1993,3.06,,,,,,,,
25/8/1993,2.98,,,,,,,,
1/9/1993,3.08,145,,,,65.3882,81.4164,6.7,103
8/9/1993,2.99,,,,,,,,
15/9/1993,3.03,,,,,,,,
22/9/1993,3.12,,,,,,,,
29/9/1993,3.05,,,,,,,,
1/10/1993,,145.6,,,10833.987,65.8702,81.8692,6.8,105.3
6/10/1993,3.24,,,,,,,,
13/10/1993,2.91,,,,,,,,
20/10/1993,2.97,,,,,,,,
27/10/1993,2.97,,,,,,,,
1/11/1993,,146,,,,66.1779,82.0917,6.6,104.4
3/11/1993,3.04,,,,,,,,
10/11/1993,2.96,,,,,,,,
17/11/1993,3.03,,,,,,,,
24/11/1993,2.98,,,,,,,,
1/12/1993,3.09,146.3,,,,66.5602,82.3931,6.5,103.7
8/12/1993,2.92,,,,,,,,
15/12/1993,2.94,,,,,,,,
22/12/1993,2.99,,,,,,,,
29/12/1993,2.99,,,,,,,,
1/1/1994,,146.3,,,10939.116,66.7722,82.4707,6.6,102.8
5/1/1994,3,,,,,,,,
12/1/1994,2.98,,,,,,,,
19/1/1994,3.13,,,,,,,,
26/1/1994,2.97,,,,,,,,
1/2/1994,,146.7,,,,66.8068,82.3162,6.6,104.1
2/2/1994,3.17,,,,,,,,
9/2/1994,3.2,,,,,,,,
16/2/1994,3.25,,,,,,,,
23/2/1994,3.25,,,,,,,,
1/3/1994,,147.1,,,,67.4832,82.9362,6.5,104.3
2/3/1994,3.28,,,,,,,,
9/3/1994,3.25,,,,,,,,
16/3/1994,3.19,,,,,,,,
23/3/1994,3.31,,,,,,,,
30/3/1994,3.49,,,,,,,,
1/4/1994,,147.2,,,11087.361,67.8771,83.194,6.4,103.7
6/4/1994,3.69,,,,,,,,
13/4/1994,3.37,,,,,,,,
20/4/1994,3.59,,,,,,,,
27/4/1994,3.59,,,,,,,,
1/5/1994,,147.5,,,,68.1961,83.3452,6.1,102.8
4/5/1994,3.76,,,,,,,,
11/5/1994,3.7,,,,,,,,
18/5/1994,4.02,,,,,,,,
25/5/1994,4.22,,,,,,,,
1/6/1994,4.27,147.9,,,,68.6526,83.6506,6.1,103.1
8/6/1994,4.13,,,,,,,,
15/6/1994,4.21,,,,,,,,
22/6/1994,4.19,,,,,,,,
29/6/1994,4.19,,,,,,,,
1/7/1994,,148.4,,,11152.176,68.7353,83.4915,6.1,104.5
6/7/1994,4.38,,,,,,,,
13/7/1994,4.3,,,,,,,,
20/7/1994,4.3,,,,,,,,
27/7/1994,4.28,,,,,,,,
1/8/1994,,149,,,,69.1954,83.7838,6,106.7
3/8/1994,4.28,,,,,,,,
10/8/1994,4.26,,,,,,,,
17/8/1994,4.35,,,,,,,,
24/8/1994,4.66,,,,,,,,
31/8/1994,4.72,,,,,,,,
1/9/1994,,149.3,,,,69.4017,83.7623,5.9,106.1
7/9/1994,4.74,,,,,,,,
14/9/1994,4.7,,,,,,,,
21/9/1994,4.73,,,,,,,,
28/9/1994,4.66,,,,,,,,
1/10/1994,,149.4,,,11279.932,69.969,84.1694,5.8,105.7
5/10/1994,5.07,,,,,,,,
12/10/1994,4.62,,,,,,,,
19/10/1994,4.72,,,,,,,,
26/10/1994,4.72,,,,,,,,
1/11/1994,,149.8,,,,70.4367,84.4489,5.6,106.1
2/11/1994,4.77,,,,,,,,
9/11/1994,4.74,,,,,,,,
16/11/1994,5.22,,,,,,,,
23/11/1994,5.53,,,,,,,,
30/11/1994,5.85,,,,,,,,
1/12/1994,,150.1,,,,71.1413,85.0057,5.5,105.9
7/12/1994,5.47,,,,,,,,
14/12/1994,5.48,,,,,,,,
21/12/1994,5.56,,,,,,,,
28/12/1994,5.45,,,,,,,,
1/1/1995,,150.5,,,11319.951,71.2762,84.8791,5.6,105.7
4/1/1995,5.4,,,,,,,,
11/1/1995,5.53,,,,,,,,
18/1/1995,5.45,,,,,,,,
25/1/1995,5.42,,,,,,,,
1/2/1995,5.63,150.9,,,,71.1904,84.4876,5.4,105.8
8/2/1995,5.95,,,,,,,,
15/2/1995,5.93,,,,,,,,
22/2/1995,5.94,,,,,,,,
1/3/1995,5.88,151.2,,,,71.2891,84.3121,5.4,105.5
8/3/1995,5.93,,,,,,,,
15/3/1995,5.94,,,,,,,,
22/3/1995,5.97,,,,,,,,
29/3/1995,6.06,,,,,,,,
1/4/1995,,151.8,,,11353.721,71.1623,83.869,5.8,105.6
5/4/1995,6.2,,,,,,,,
12/4/1995,5.98,,,,,,,,
19/4/1995,6.07,,,,,,,,
26/4/1995,5.99,,,,,,,,
1/5/1995,,152.1,,,,71.5044,83.9723,5.6,105.8
3/5/1995,6.05,,,,,,,,
10/5/1995,6,,,,,,,,
17/5/1995,6.02,,,,,,,,
24/5/1995,5.99,,,,,,,,
31/5/1995,6.02,,,,,,,,
1/6/1995,,152.4,,,,71.743,83.9443,5.6,106.7
7/6/1995,6.03,,,,,,,,
14/6/1995,6.02,,,,,,,,
21/6/1995,6,,,,,,,,
28/6/1995,5.95,,,,,,,,
1/7/1995,,152.6,,,11450.31,71.4459,83.2835,5.7,105.8
5/7/1995,6.21,,,,,,,,
12/7/1995,5.81,,,,,,,,
19/7/1995,5.72,,,,,,,,
26/7/1995,5.75,,,,,,,,
1/8/1995,,152.9,,,,72.38,84.0464,5.7,105.6
2/8/1995,5.83,,,,,,,,
9/8/1995,5.73,,,,,,,,
16/8/1995,5.74,,,,,,,,
23/8/1995,5.7,,,,,,,,
30/8/1995,5.71,,,,,,,,
1/9/1995,,153.1,,,,72.6601,84.0356,5.6,104.1
6/9/1995,5.77,,,,,,,,
13/9/1995,5.73,,,,,,,,
20/9/1995,5.78,,,,,,,,
27/9/1995,5.8,,,,,,,,
1/10/1995,,153.5,,,11528.067,72.5428,83.5543,5.5,104.4
4/10/1995,6,,,,,,,,
11/10/1995,5.72,,,,,,,,
18/10/1995,5.71,,,,,,,,
25/10/1995,5.76,,,,,,,,
1/11/1995,5.76,153.7,,,,72.7178,83.4004,5.6,103.4
8/11/1995,5.71,,,,,,,,
15/11/1995,5.74,,,,,,,,
22/11/1995,5.81,,,,,,,,
29/11/1995,5.91,,,,,,,,
1/12/1995,,153.9,,,,72.9672,83.3221,5.6,104.4
6/12/1995,5.75,,,,,,,,
13/12/1995,5.73,,,,,,,,
20/12/1995,5.9,,,,,,,,
27/12/1995,5.48,,,,,,,,
1/1/1996,,154.7,,,11614.418,72.5866,82.5181,5.6,106.9
3/1/1996,5.35,,,,,,,,
10/1/1996,5.53,,,,,,,,
17/1/1996,5.61,,,,,,,,
24/1/1996,5.44,,,,,,,,
31/1/1996,5.53,,,,,,,,
1/2/1996,,155,,,,73.6389,83.3398,5.5,107.1
7/2/1996,5.21,,,,,,,,
14/2/1996,5.09,,,,,,,,
21/2/1996,5.17,,,,,,,,
28/2/1996,5.31,,,,,,,,
1/3/1996,,155.5,,,,73.5202,82.8259,5.5,108.3
6/3/1996,5.57,,,,,,,,
13/3/1996,5.24,,,,,,,,
20/3/1996,5.36,,,,,,,,
27/3/1996,5.22,,,,,,,,
1/4/1996,,156.1,,,11808.14,74.2664,83.2807,5.6,111.2
3/4/1996,5.3,,,,,,,,
10/4/1996,5.08,,,,,,,,
17/4/1996,5.24,,,,,,,,
24/4/1996,5.24,,,,,,,,
1/5/1996,5.3,156.4,,,,74.8145,83.5058,5.6,112
8/5/1996,5.22,,,,,,,,
15/5/1996,5.26,,,,,,,,
22/5/1996,5.22,,,,,,,,
29/5/1996,5.19,,,,,,,,
1/6/1996,,156.7,,,,75.3779,83.7438,5.3,110.3
5/6/1996,5.33,,,,,,,,
12/6/1996,5.24,,,,,,,,
19/6/1996,5.45,,,,,,,,
26/6/1996,5.21,,,,,,,,
1/7/1996,,157,,,11914.063,75.3754,83.3555,5.5,110.1
3/7/1996,5.53,,,,,,,,
10/7/1996,5.26,,,,,,,,
17/7/1996,5.23,,,,,,,,
24/7/1996,5.25,,,,,,,,
31/7/1996,5.53,,,,,,,,
1/8/1996,,157.2,,,,75.7568,83.3919,5.1,109.7
7/8/1996,5.38,,,,,,,,
14/8/1996,5.1,,,,,,,,
21/8/1996,5.18,,,,,,,,
28/8/1996,5.21,,,,,,,,
1/9/1996,,157.7,,,,76.2304,83.5254,5.2,109.8
4/9/1996,5.39,,,,,,,,
11/9/1996,5.16,,,,,,,,
18/9/1996,5.22,,,,,,,,
25/9/1996,5.34,,,,,,,,
1/10/1996,,158.2,,,12037.775,76.2193,83.1236,5.2,110.5
2/10/1996,5.4,,,,,,,,
9/10/1996,5.14,,,,,,,,
16/10/1996,5.22,,,,,,,,
23/10/1996,5.22,,,,,,,,
30/10/1996,5.27,,,,,,,,
1/11/1996,,158.7,,,,76.8941,83.4621,5.4,111.8
6/11/1996,5.32,,,,,,,,
13/11/1996,5.21,,,,,,,,
20/11/1996,5.41,,,,,,,,
27/11/1996,5.3,,,,,,,,
1/12/1996,,159.1,,,,77.3731,83.5793,5.4,113.9
4/12/1996,5.52,,,,,,,,
11/12/1996,5.22,,,,,,,,
18/12/1996,5.38,,,,,,,,
25/12/1996,5.18,,,,,,,,
1/1/1997,5.37,159.4,,,12115.472,77.5138,83.3331,5.3,115.2
8/1/1997,5.28,,,,,,,,
15/1/1997,5.19,,,,,,,,
22/1/1997,5.19,,,,,,,,
29/1/1997,5.18,,,,,,,,
1/2/1997,,159.7,,,,78.4246,83.9,5.2,115
5/2/1997,5.3,,,,,,,,
12/2/1997,5.05,,,,,,,,
19/2/1997,5.22,,,,,,,,
26/2/1997,5.16,,,,,,,,
1/3/1997,,159.8,,,,78.9266,84.0169,5.2,113
5/3/1997,5.36,,,,,,,,
12/3/1997,5.19,,,,,,,,
19/3/1997,5.26,,,,,,,,
26/3/1997,5.4,,,,,,,,
1/4/1997,,159.9,,,12317.221,78.9924,83.6618,5.1,111
2/4/1997,5.86,,,,,,,,
9/4/1997,5.37,,,,,,,,
16/4/1997,5.48,,,,,,,,
23/4/1997,5.48,,,,,,,,
30/4/1997,5.61,,,,,,,,
1/5/1997,,159.9,,,,79.4411,83.6984,4.9,108.8
7/5/1997,5.55,,,,,,,,
14/5/1997,5.49,,,,,,,,
21/5/1997,5.52,,,,,,,,
28/5/1997,5.43,,,,,,,,
1/6/1997,,160.2,,,,79.8048,83.6264,5,110
4/6/1997,5.54,,,,,,,,
11/6/1997,5.48,,,,,,,,
18/6/1997,5.62,,,,,,,,
25/6/1997,5.42,,,,,,,,
1/7/1997,,160.4,,,12471.01,80.48,83.8625,4.9,109.1
2/7/1997,5.82,,,,,,,,
9/7/1997,5.48,,,,,,,,
16/7/1997,5.44,,,,,,,,
23/7/1997,5.43,,,,,,,,
30/7/1997,5.57,,,,,,,,
1/8/1997,,160.8,,,,81.2862,84.2102,4.8,110.9
6/8/1997,5.62,,,,,,,,
13/8/1997,5.45,,,,,,,,
20/8/1997,5.59,,,,,,,,
27/8/1997,5.56,,,,,,,,
1/9/1997,,161.2,,,,82.038,84.4781,4.9,112.4
3/9/1997,5.64,,,,,,,,
10/9/1997,5.48,,,,,,,,
17/9/1997,5.58,,,,,,,,
24/9/1997,5.45,,,,,,,,
1/10/1997,5.58,161.5,,,12577.495,82.7657,84.6988,4.7,111.8
8/10/1997,5.46,,,,,,,,
15/10/1997,5.45,,,,,,,,
22/10/1997,5.54,,,,,,,,
29/10/1997,5.5,,,,,,,,
1/11/1997,,161.7,,,,83.4321,84.838,4.6,111.4
5/11/1997,5.6,,,,,,,,
12/11/1997,5.5,,,,,,,,
19/11/1997,5.51,,,,,,,,
26/11/1997,5.49,,,,,,,,
1/12/1997,,161.8,,,,83.7826,84.6461,4.7,109.8
3/12/1997,5.58,,,,,,,,
10/12/1997,5.4,,,,,,,,
17/12/1997,5.66,,,,,,,,
24/12/1997,5.44,,,,,,,,
31/12/1997,5.45,,,,,,,,
1/1/1998,,162,,,12703.742,84.1656,84.4813,4.6,107.5
7/1/1998,5.74,,,,,,,,
14/1/1998,5.45,,,,,,,,
21/1/1998,5.53,,,,,,,,
28/1/1998,5.53,,,,,,,,
1/2/1998,,162,,,,84.3048,84.0729,4.6,105.1
4/2/1998,5.52,,,,,,,,
11/2/1998,5.43,,,,,,,,
18/2/1998,5.54,,,,,,,,
25/2/1998,5.51,,,,,,,,
1/3/1998,,162,,,,84.3416,83.5673,4.7,103.3
4/3/1998,5.6,,,,,,,,
11/3/1998,5.45,,,,,,,,
18/3/1998,5.47,,,,,,,,
25/3/1998,5.43,,,,,,,,
1/4/1998,5.6,162.2,,,12821.339,84.6263,83.3178,4.3,102.4
8/4/1998,5.48,,,,,,,,
15/4/1998,5.47,,,,,,,,
22/4/1998,5.37,,,,,,,,
29/4/1998,5.4,,,,,,,,
1/5/1998,,162.6,,,,85.1839,83.3489,4.4,103.2
6/5/1998,5.35,,,,,,,,
13/5/1998,5.49,,,,,,,,
20/5/1998,5.6,,,,,,,,
27/5/1998,5.45,,,,,,,,
1/6/1998,,162.8,,,,84.6809,82.3651,4.5,103.6
3/6/1998,5.63,,,,,,,,
10/6/1998,5.43,,,,,,,,
17/6/1998,5.58,,,,,,,,
24/6/1998,5.42,,,,,,,,
1/7/1998,5.88,163.2,,,12982.752,84.3448,81.5837,4.5,103.3
8/7/1998,5.47,,,,,,,,
15/7/1998,5.49,,,,,,,,
22/7/1998,5.5,,,,,,,,
29/7/1998,5.54,,,,,,,,
1/8/1998,,163.4,,,,86.0846,82.8278,4.5,102.1
5/8/1998,5.61,,,,,,,,
12/8/1998,5.5,,,,,,,,
19/8/1998,5.59,,,,,,,,
26/8/1998,5.48,,,,,,,,
1/9/1998,,163.5,,,,85.9945,82.3242,4.6,101.3
2/9/1998,5.61,,,,,,,,
9/9/1998,5.47,,,,,,,,
16/9/1998,5.54,,,,,,,,
23/9/1998,5.42,,,,,,,,
30/9/1998,5.58,,,,,,,,
1/10/1998,,163.9,,,13191.67,86.5967,82.4996,4.5,101.5
7/10/1998,5.22,,,,,,,,
14/10/1998,5.14,,,,,,,,
21/10/1998,4.87,,,,,,,,
28/10/1998,4.95,,,,,,,,
1/11/1998,,164.1,,,,86.5114,82.0316,4.4,101.1
4/11/1998,5.22,,,,,,,,
11/11/1998,4.8,,,,,,,,
18/11/1998,4.89,,,,,,,,
25/11/1998,4.54,,,,,,,,
1/12/1998,,164.4,,,,86.8608,81.9904,4.4,100.1
2/12/1998,4.86,,,,,,,,
9/12/1998,4.68,,,,,,,,
16/12/1998,4.97,,,,,,,,
23/12/1998,4.69,,,,,,,,
30/12/1998,4.48,,,,,,,,
1/1/1999,,164.7,,,13315.597,87.2277,81.9774,4.3,99.7
6/1/1999,4.3,,,,,,,,
13/1/1999,4.75,,,,,,,,
20/1/1999,4.64,,,,,,,,
27/1/1999,4.66,,,,,,,,
1/2/1999,,164.7,,,,87.7266,82.0973,4.4,99.2
3/2/1999,4.75,,,,,,,,
10/2/1999,4.77,,,,,,,,
17/2/1999,4.75,,,,,,,,
24/2/1999,4.75,,,,,,,,
1/3/1999,,164.8,,,,87.9203,81.9427,4.2,100.4
3/3/1999,4.85,,,,,,,,
10/3/1999,4.8,,,,,,,,
17/3/1999,4.79,,,,,,,,
24/3/1999,4.79,,,,,,,,
31/3/1999,4.84,,,,,,,,
1/4/1999,,165.9,,,13426.748,88.1153,81.8019,4.3,105.5
7/4/1999,4.8,,,,,,,,
14/4/1999,4.68,,,,,,,,
21/4/1999,4.61,,,,,,,,
28/4/1999,4.79,,,,,,,,
1/5/1999,,166,,,,88.6554,81.9895,4.2,104.9
5/5/1999,4.9,,,,,,,,
12/5/1999,4.7,,,,,,,,
19/5/1999,4.76,,,,,,,,
26/5/1999,4.73,,,,,,,,
1/6/1999,,166,,,,88.5958,81.6291,4.3,104.5
2/6/1999,4.65,,,,,,,,
9/6/1999,4.71,,,,,,,,
16/6/1999,4.73,,,,,,,,
23/6/1999,4.71,,,,,,,,
30/6/1999,4.95,,,,,,,,
1/7/1999,,166.7,,,13604.771,89.1235,81.8177,4.3,106.7
7/7/1999,5,,,,,,,,
14/7/1999,4.97,,,,,,,,
21/7/1999,4.96,,,,,,,,
28/7/1999,5.01,,,,,,,,
1/8/1999,,167.1,,,,89.5116,81.8764,4.2,109.5
4/8/1999,5.06,,,,,,,,
11/8/1999,4.96,,,,,,,,
18/8/1999,5.03,,,,,,,,
25/8/1999,5.02,,,,,,,,
1/9/1999,5.34,167.8,,,,89.1361,81.2413,4.2,111.8
8/9/1999,5.16,,,,,,,,
15/9/1999,5.24,,,,,,,,
22/9/1999,5.16,,,,,,,,
29/9/1999,5.27,,,,,,,,
1/10/1999,,168.1,,,13827.98,90.2842,81.9959,4.1,112
6/10/1999,5.27,,,,,,,,
13/10/1999,5.17,,,,,,,,
20/10/1999,5.18,,,,,,,,
27/10/1999,5.18,,,,,,,,
1/11/1999,,168.4,,,,90.7631,82.1417,4.1,111.5
3/11/1999,5.27,,,,,,,,
10/11/1999,5.2,,,,,,,,
17/11/1999,5.44,,,,,,,,
24/11/1999,5.52,,,,,,,,
1/12/1999,5.63,168.8,,,,91.4926,82.5152,4,113.8
8/12/1999,5.45,,,,,,,,
15/12/1999,5.44,,,,,,,,
22/12/1999,5.46,,,,,,,,
29/12/1999,5.01,,,,,,,,
1/1/2000,,169.3,,,13878.147,91.4251,82.1714,4,115
5/1/2000,4.72,,,,,,,,
12/1/2000,5.62,,,,,,,,
19/1/2000,5.59,,,,,,,,
26/1/2000,5.43,,,,,,,,
1/2/2000,,170,,,,91.7357,82.1694,4.1,118.8
2/2/2000,5.66,,,,,,,,
9/2/2000,5.71,,,,,,,,
16/2/2000,5.75,,,,,,,,
23/2/2000,5.72,,,,,,,,
1/3/2000,5.77,171,,,,92.0933,82.2095,4,124.3
8/3/2000,5.73,,,,,,,,
15/3/2000,5.79,,,,,,,,
22/3/2000,5.81,,,,,,,,
29/3/2000,6.01,,,,,,,,
1/4/2000,,170.9,,,14130.908,92.6838,82.4575,3.8,120.9
5/4/2000,6.12,,,,,,,,
12/4/2000,5.98,,,,,,,,
19/4/2000,6.04,,,,,,,,
26/4/2000,5.97,,,,,,,,
1/5/2000,,171.2,,,,92.9376,82.4056,4,120
3/5/2000,6.06,,,,,,,,
10/5/2000,5.96,,,,,,,,
17/5/2000,6.16,,,,,,,,
24/5/2000,6.5,,,,,,,,
31/5/2000,6.53,,,,,,,,
1/6/2000,,172.2,,,,93.0076,82.192,4,126.8
7/6/2000,6.49,,,,,,,,
14/6/2000,6.5,,,,,,,,
21/6/2000,6.51,,,,,,,,
28/6/2000,6.53,,,,,,,,
1/7/2000,,172.7,,,14145.312,92.8458,81.7778,4,127.3
5/7/2000,6.85,,,,,,,,
12/7/2000,6.44,,,,,,,,
19/7/2000,6.5,,,,,,,,
26/7/2000,6.5,,,,,,,,
1/8/2000,,172.7,,,,92.5972,81.2898,4.1,123.8
2/8/2000,6.49,,,,,,,,
9/8/2000,6.45,,,,,,,,
16/8/2000,6.53,,,,,,,,
23/8/2000,6.46,,,,,,,,
30/8/2000,6.54,,,,,,,,
1/9/2000,,173.6,,,,92.9653,81.3435,3.9,129.2
6/9/2000,6.56,,,,,,,,
13/9/2000,6.5,,,,,,,,
20/9/2000,6.5,,,,,,,,
27/9/2000,6.5,,,,,,,,
1/10/2000,,173.9,,,14229.765,92.6418,80.7922,3.9,129.6
4/10/2000,6.58,,,,,,,,
11/10/2000,6.47,,,,,,,,
18/10/2000,6.49,,,,,,,,
25/10/2000,6.51,,,,,,,,
1/11/2000,6.55,174.2,,,,92.6618,80.541,3.9,129.2
8/11/2000,6.49,,,,,,,,
15/11/2000,6.52,,,,,,,,
22/11/2000,6.51,,,,,,,,
29/11/2000,6.5,,,,,,,,
1/12/2000,,174.6,,,,92.3459,80.0006,3.9,130.1
6/12/2000,6.57,,,,,,,,
13/12/2000,6.47,,,,,,,,
20/12/2000,6.53,,,,,,,,
27/12/2000,6.48,,,,,,,,
1/1/2001,,175.6,,,14183.12,91.8903,79.3437,4.2,135
3/1/2001,5.88,,,,,,,,
10/1/2001,5.91,,,,,,,,
17/1/2001,6.02,,,,,,,,
24/1/2001,5.96,,,,,,,,
31/1/2001,5.94,,,,,,,,
1/2/2001,,176,,,,91.2915,78.571,4.2,134.1
7/2/2001,5.51,,,,,,,,
14/2/2001,5.47,,,,,,,,
21/2/2001,5.5,,,,,,,,
28/2/2001,5.5,,,,,,,,
1/3/2001,,176.1,,,,91.0526,78.1158,4.3,131.7
7/3/2001,5.49,,,,,,,,
14/3/2001,5.46,,,,,,,,
21/3/2001,5.33,,,,,,,,
28/3/2001,5,,,,,,,,
1/4/2001,,176.4,,,14271.694,90.7293,77.5972,4.4,132.3
4/4/2001,5.21,,,,,,,,
11/4/2001,4.96,,,,,,,,
18/4/2001,4.98,,,,,,,,
25/4/2001,4.42,,,,,,,,
1/5/2001,,177.3,,,,90.2577,76.9635,4.3,138.4
2/5/2001,4.53,,,,,,,,
9/5/2001,4.43,,,,,,,,
16/5/2001,4.37,,,,,,,,
23/5/2001,3.98,,,,,,,,
30/5/2001,3.98,,,,,,,,
1/6/2001,,177.7,,,,89.7677,76.3285,4.5,136.9
6/6/2001,4.08,,,,,,,,
13/6/2001,4,,,,,,,,
20/6/2001,3.95,,,,,,,,
27/6/2001,3.91,,,,,,,,
1/7/2001,,177.4,,,14214.516,89.226,75.666,4.6,129.6
4/7/2001,3.89,,,,,,,,
11/7/2001,3.67,,,,,,,,
18/7/2001,3.76,,,,,,,,
25/7/2001,3.81,,,,,,,,
1/8/2001,3.79,177.4,,,,89.1326,75.3958,4.9,127.3
8/8/2001,3.7,,,,,,,,
15/8/2001,3.75,,,,,,,,
22/8/2001,3.63,,,,,,,,
29/8/2001,3.52,,,,,,,,
1/9/2001,,178.1,,,,88.6679,74.8236,5,130.9
5/9/2001,3.63,,,,,,,,
12/9/2001,3.49,,,,,,,,
19/9/2001,2.47,,,,,,,,
26/9/2001,2.99,,,,,,,,
1/10/2001,,177.6,,,14253.574,88.3926,74.4246,5.3,122.9
3/10/2001,2.71,,,,,,,,
10/10/2001,2.44,,,,,,,,
17/10/2001,2.44,,,,,,,,
24/10/2001,2.49,,,,,,,,
31/10/2001,2.55,,,,,,,,
1/11/2001,,177.5,,,,87.8774,73.8377,5.5,116.9
7/11/2001,2.36,,,,,,,,
14/11/2001,2.03,,,,,,,,
21/11/2001,2.01,,,,,,,,
28/11/2001,1.95,,,,,,,,
1/12/2001,,177.4,,,,87.8344,73.6627,5.7,113.9
5/12/2001,2.02,,,,,,,,
12/12/2001,1.88,,,,,,,,
19/12/2001,1.84,,,,,,,,
26/12/2001,1.77,,,,,,,,
1/1/2002,,177.7,,,14372.785,88.4665,74.0676,5.7,114.2
2/1/2002,1.63,,,,,,,,
9/1/2002,1.64,,,,,,,,
16/1/2002,1.74,,,,,,,,
23/1/2002,1.74,,,,,,,,
30/1/2002,1.78,,,,,,,,
1/2/2002,,178,,,,88.4661,73.9589,5.7,113.5
6/2/2002,1.74,,,,,,,,
13/2/2002,1.72,,,,,,,,
20/2/2002,1.75,,,,,,,,
27/2/2002,1.75,,,,,,,,
1/3/2002,,178.5,,,,89.1228,74.4162,5.7,117.6
6/3/2002,1.74,,,,,,,,
13/3/2002,1.71,,,,,,,,
20/3/2002,1.76,,,,,,,,
27/3/2002,1.7,,,,,,,,
1/4/2002,,179.3,,,14460.848,89.5532,74.7011,5.9,121.5
3/4/2002,1.77,,,,,,,,
10/4/2002,1.71,,,,,,,,
17/4/2002,1.78,,,,,,,,
24/4/2002,1.7,,,,,,,,
1/5/2002,1.81,179.5,,,,89.934,74.9611,5.8,121.9
8/5/2002,1.74,,,,,,,,
15/5/2002,1.75,,,,,,,,
22/5/2002,1.71,,,,,,,,
29/5/2002,1.78,,,,,,,,
1/6/2002,,179.6,,,,90.6769,75.5385,5.8,121.6
5/6/2002,1.78,,,,,,,,
12/6/2002,1.74,,,,,,,,
19/6/2002,1.75,,,,,,,,
26/6/2002,1.75,,,,,,,,
1/7/2002,,180,,,14519.633,90.6455,75.4869,5.8,122.4
3/7/2002,1.75,,,,,,,,
10/7/2002,1.73,,,,,,,,
17/7/2002,1.74,,,,,,,,
24/7/2002,1.72,,,,,,,,
31/7/2002,1.72,,,,,,,,
1/8/2002,,180.5,,,,90.5475,75.3938,5.7,123.1
7/8/2002,1.74,,,,,,,,
14/8/2002,1.72,,,,,,,,
21/8/2002,1.73,,,,,,,,
28/8/2002,1.76,,,,,,,,
1/9/2002,,180.8,,,,90.6381,75.4687,5.7,123.7
4/9/2002,1.81,,,,,,,,
11/9/2002,1.73,,,,,,,,
18/9/2002,1.73,,,,,,,,
25/9/2002,1.72,,,,,,,,
1/10/2002,,181.2,,,14537.58,90.4041,75.2824,5.7,126.9
2/10/2002,1.8,,,,,,,,
9/10/2002,1.73,,,,,,,,
16/10/2002,1.75,,,,,,,,
23/10/2002,1.72,,,,,,,,
30/10/2002,1.79,,,,,,,,
1/11/2002,,181.5,,,,90.8985,75.7125,5.9,126.7
6/11/2002,1.7,,,,,,,,
13/11/2002,1.21,,,,,,,,
20/11/2002,1.28,,,,,,,,
27/11/2002,1.27,,,,,,,,
1/12/2002,,181.8,,,,90.389,75.3132,6,127.1
4/12/2002,1.24,,,,,,,,
11/12/2002,1.23,,,,,,,,
18/12/2002,1.27,,,,,,,,
25/12/2002,1.23,,,,,,,,
1/1/2003,1.2,182.6,,,14614.141,91.1355,75.9649,5.8,133.5
8/1/2003,1.2,,,,,,,,
15/1/2003,1.26,,,,,,,,
22/1/2003,1.23,,,,,,,,
29/1/2003,1.24,,,,,,,,
1/2/2003,,183.6,,,,91.2502,76.0853,5.9,140.8
5/2/2003,1.29,,,,,,,,
12/2/2003,1.22,,,,,,,,
19/2/2003,1.3,,,,,,,,
26/2/2003,1.24,,,,,,,,
1/3/2003,,183.9,,,,91.0059,75.9063,5.9,143.9
5/3/2003,1.29,,,,,,,,
12/3/2003,1.21,,,,,,,,
19/3/2003,1.27,,,,,,,,
26/3/2003,1.22,,,,,,,,
1/4/2003,,183.2,,,14743.567,90.4281,75.4518,6,136.5
2/4/2003,1.28,,,,,,,,
9/4/2003,1.23,,,,,,,,
16/4/2003,1.27,,,,,,,,
23/4/2003,1.26,,,,,,,,
30/4/2003,1.28,,,,,,,,
1/5/2003,,182.9,,,,90.4073,75.4618,6.1,129.4
7/5/2003,1.26,,,,,,,,
14/5/2003,1.25,,,,,,,,
21/5/2003,1.27,,,,,,,,
28/5/2003,1.24,,,,,,,,
1/6/2003,,183.1,,,,90.5218,75.5816,6.3,129.8
4/6/2003,1.26,,,,,,,,
11/6/2003,1.24,,,,,,,,
18/6/2003,1.25,,,,,,,,
25/6/2003,1.21,,,,,,,,
1/7/2003,,183.7,,,14988.782,90.9896,75.9888,6.2,132.2
2/7/2003,1.13,,,,,,,,
9/7/2003,0.96,,,,,,,,
16/7/2003,1.02,,,,,,,,
23/7/2003,1.01,,,,,,,,
30/7/2003,1.04,,,,,,,,
1/8/2003,,184.5,,,,90.7858,75.8306,6.1,137.8
6/8/2003,0.97,,,,,,,,
13/8/2003,0.98,,,,,,,,
20/8/2003,1.18,,,,,,,,
27/8/2003,1,,,,,,,,
1/9/2003,,185.1,,,,91.3829,76.3383,6.1,142.9
3/9/2003,1.01,,,,,,,,
10/9/2003,0.96,,,,,,,,
17/9/2003,1.02,,,,,,,,
24/9/2003,1,,,,,,,,
1/10/2003,1.07,184.9,,,15162.76,91.5005,76.4457,6,137.8
8/10/2003,0.99,,,,,,,,
15/10/2003,1.03,,,,,,,,
22/10/2003,1,,,,,,,,
29/10/2003,1,,,,,,,,
1/11/2003,,185,,,,92.1265,76.9771,5.8,136.9
5/11/2003,1.01,,,,,,,,
12/11/2003,0.99,,,,,,,,
19/11/2003,0.99,,,,,,,,
26/11/2003,0.99,,,,,,,,
1/12/2003,,185.5,,,,92.1722,77.0234,5.7,138.8
3/12/2003,1,,,,,,,,
10/12/2003,0.98,,,,,,,,
17/12/2003,1,,,,,,,,
24/12/2003,0.99,,,,,,,,
31/12/2003,0.96,,,,,,,,
1/1/2004,,186.3,,,15248.68,92.327,77.1612,5.7,143.9
7/1/2004,0.97,,,,,,,,
14/1/2004,0.99,,,,,,,,
21/1/2004,1,,,,,,,,
28/1/2004,1.02,,,,,,,,
1/2/2004,,186.7,,,,92.8873,77.6396,5.6,145.8
4/2/2004,1.01,,,,,,,,
11/2/2004,1,,,,,,,,
18/2/2004,1.01,,,,,,,,
25/2/2004,1,,,,,,,,
1/3/2004,,187.1,,,,92.5325,77.3544,5.8,145.1
3/3/2004,1.03,,,,,,,,
10/3/2004,1,,,,,,,,
17/3/2004,1,,,,,,,,
24/3/2004,0.99,,,,,,,,
31/3/2004,1.01,,,,,,,,
1/4/2004,,187.4,,,15366.85,92.9096,77.6821,5.6,143.4
7/4/2004,1.01,,,,,,,,
14/4/2004,1.01,,,,,,,,
21/4/2004,1,,,,,,,,
28/4/2004,1,,,,,,,,
1/5/2004,,188.2,,,,93.5838,78.257,5.6,147.6
5/5/2004,1.02,,,,,,,,
12/5/2004,0.99,,,,,,,,
19/5/2004,1.02,,,,,,,,
26/5/2004,0.99,,,,,,,,
1/6/2004,,188.9,,,,92.8621,77.662,5.6,151.5
2/6/2004,1.01,,,,,,,,
9/6/2004,0.99,,,,,,,,
16/6/2004,1.01,,,,,,,,
23/6/2004,1,,,,,,,,
30/6/2004,1.11,,,,,,,,
1/7/2004,,189.1,,,15512.619,93.5511,78.2429,5.5,151.1
7/7/2004,1.28,,,,,,,,
14/7/2004,1.25,,,,,,,,
21/7/2004,1.25,,,,,,,,
28/7/2004,1.26,,,,,,,,
1/8/2004,,189.2,,,,93.6328,78.3106,5.4,151.5
4/8/2004,1.27,,,,,,,,
11/8/2004,1.36,,,,,,,,
18/8/2004,1.42,,,,,,,,
25/8/2004,1.51,,,,,,,,
1/9/2004,1.53,189.8,,,,93.7418,78.3927,5.4,152.9
8/9/2004,1.5,,,,,,,,
15/9/2004,1.49,,,,,,,,
22/9/2004,1.64,,,,,,,,
29/9/2004,1.76,,,,,,,,
1/10/2004,,190.8,,,15670.88,94.5671,79.0638,5.5,158.6
6/10/2004,1.82,,,,,,,,
13/10/2004,1.73,,,,,,,,
20/10/2004,1.76,,,,,,,,
27/10/2004,1.74,,,,,,,,
1/11/2004,,191.7,,,,94.8,79.2285,5.4,163.8
3/11/2004,1.78,,,,,,,,
10/11/2004,1.79,,,,,,,,
17/11/2004,2,,,,,,,,
24/11/2004,2,,,,,,,,
1/12/2004,2.02,191.7,,,,95.5426,79.8082,5.4,162.3
8/12/2004,2,,,,,,,,
15/12/2004,2.15,,,,,,,,
22/12/2004,2.24,,,,,,,,
29/12/2004,2.27,,,,,,,,
1/1/2005,,191.6,,,15844.727,95.8831,80.0413,5.3,157.2
5/1/2005,2.14,,,,,,,,
12/1/2005,2.25,,,,,,,,
19/1/2005,2.28,,,,,,,,
26/1/2005,2.27,,,,,,,,
1/2/2005,,192.4,,,,96.5616,80.5413,5.4,161.8
2/2/2005,2.43,,,,,,,,
9/2/2005,2.5,,,,,,,,
16/2/2005,2.5,,,,,,,,
23/2/2005,2.52,,,,,,,,
1/3/2005,,193.1,,,,96.4371,80.3601,5.2,163.5
2/3/2005,2.51,,,,,,,,
9/3/2005,2.5,,,,,,,,
16/3/2005,2.55,,,,,,,,
23/3/2005,2.71,,,,,,,,
30/3/2005,2.77,,,,,,,,
1/4/2005,,193.7,,,15922.782,96.628,80.4339,5.2,166.7
6/4/2005,2.81,,,,,,,,
13/4/2005,2.76,,,,,,,,
20/4/2005,2.78,,,,,,,,
27/4/2005,2.74,,,,,,,,
1/5/2005,,193.6,,,,96.7306,80.425,5.1,163.3
4/5/2005,2.96,,,,,,,,
11/5/2005,2.99,,,,,,,,
18/5/2005,3.01,,,,,,,,
25/5/2005,3.01,,,,,,,,
1/6/2005,3.02,193.7,,,,97.1488,80.6702,5,163.7
8/6/2005,2.98,,,,,,,,
15/6/2005,3.02,,,,,,,,
22/6/2005,2.98,,,,,,,,
29/6/2005,3.11,,,,,,,,
1/7/2005,,194.9,,,16047.587,96.8383,80.305,5,172.8
6/7/2005,3.29,,,,,,,,
13/7/2005,3.22,,,,,,,,
20/7/2005,3.26,,,,,,,,
27/7/2005,3.26,,,,,,,,
1/8/2005,,196.1,,,,97.1603,80.4617,4.9,183.5
3/8/2005,3.29,,,,,,,,
10/8/2005,3.48,,,,,,,,
17/8/2005,3.54,,,,,,,,
24/8/2005,3.52,,,,,,,,
31/8/2005,3.55,,,,,,,,
1/9/2005,,198.8,,,,95.2729,78.7883,5,208.2
7/9/2005,3.51,,,,,,,,
14/9/2005,3.49,,,,,,,,
21/9/2005,3.65,,,,,,,,
28/9/2005,3.77,,,,,,,,
1/10/2005,,199.1,,,16136.734,96.4383,79.6396,5,205.9
5/10/2005,3.85,,,,,,,,
12/10/2005,3.68,,,,,,,,
19/10/2005,3.76,,,,,,,,
26/10/2005,3.76,,,,,,,,
1/11/2005,,198.1,,,,97.4951,80.398,5,191
2/11/2005,3.94,,,,,,,,
9/11/2005,4,,,,,,,,
16/11/2005,3.98,,,,,,,,
23/11/2005,4,,,,,,,,
30/11/2005,4.02,,,,,,,,
1/12/2005,,198.1,,,,97.9788,80.6819,4.9,187.6
7/12/2005,4,,,,,,,,
14/12/2005,4.19,,,,,,,,
21/12/2005,4.24,,,,,,,,
28/12/2005,4.22,,,,,,,,
1/1/2006,,199.3,,,16353.835,98.1305,80.6908,4.7,196.6
4/1/2006,4.16,,,,,,,,
11/1/2006,4.23,,,,,,,,
18/1/2006,4.29,,,,,,,,
25/1/2006,4.26,,,,,,,,
1/2/2006,4.44,199.4,,,,98.1779,80.6125,4.8,194.1
8/2/2006,4.5,,,,,,,,
15/2/2006,4.49,,,,,,,,
22/2/2006,4.49,,,,,,,,
1/3/2006,4.5,199.7,,,,98.3898,80.6663,4.7,192
8/3/2006,4.51,,,,,,,,
15/3/2006,4.51,,,,,,,,
22/3/2006,4.57,,,,,,,,
29/3/2006,4.7,,,,,,,,
1/4/2006,,200.7,,,16396.151,98.6769,80.7769,4.7,198.5
5/4/2006,4.88,,,,,,,,
12/4/2006,4.76,,,,,,,,
19/4/2006,4.77,,,,,,,,
26/4/2006,4.74,,,,,,,,
1/5/2006,,201.3,,,,98.7052,80.6674,4.6,199.8
3/5/2006,4.83,,,,,,,,
10/5/2006,4.84,,,,,,,,
17/5/2006,5,,,,,,,,
24/5/2006,4.98,,,,,,,,
31/5/2006,5.01,,,,,,,,
1/6/2006,,201.8,,,,99.0427,80.8002,4.6,199.8
7/6/2006,4.99,,,,,,,,
14/6/2006,5,,,,,,,,
21/6/2006,4.95,,,,,,,,
28/6/2006,5,,,,,,,,
1/7/2006,,202.9,,,16420.738,98.9804,80.5962,4.7,207.9
5/7/2006,5.14,,,,,,,,
12/7/2006,5.24,,,,,,,,
19/7/2006,5.25,,,,,,,,
26/7/2006,5.24,,,,,,,,
1/8/2006,,203.8,,,,99.4106,80.781,4.7,211.9
2/8/2006,5.27,,,,,,,,
9/8/2006,5.25,,,,,,,,
16/8/2006,5.23,,,,,,,,
23/8/2006,5.24,,,,,,,,
30/8/2006,5.25,,,,,,,,
1/9/2006,,202.8,,,,99.2207,80.4523,4.5,198.1
6/9/2006,5.25,,,,,,,,
13/9/2006,5.23,,,,,,,,
20/9/2006,5.24,,,,,,,,
27/9/2006,5.27,,,,,,,,
1/10/2006,,201.9,,,16561.866,99.1253,80.1929,4.4,184.1
4/10/2006,5.3,,,,,,,,
11/10/2006,5.23,,,,,,,,
18/10/2006,5.23,,,,,,,,
25/10/2006,5.24,,,,,,,,
1/11/2006,5.25,202,,,,99.0969,79.9831,4.5,184.1
8/11/2006,5.24,,,,,,,,
15/11/2006,5.25,,,,,,,,
22/11/2006,5.24,,,,,,,,
29/11/2006,5.26,,,,,,,,
1/12/2006,,203.1,,,,100.1122,80.6125,4.4,192.7
6/12/2006,5.25,,,,,,,,
13/12/2006,5.24,,,,,,,,
20/12/2006,5.25,,,,,,,,
27/12/2006,5.24,,,,,,,,
1/1/2007,,203.437,,11181,16611.69,99.7571,80.1385,4.6,190.281
3/1/2007,5.22,,,,,,,,
10/1/2007,5.23,,,,,,,,
17/1/2007,5.24,,,,,,,,
24/1/2007,5.25,,,,,,,,
31/1/2007,5.27,,,,,,,,
1/2/2007,,204.226,,11178.2,,100.7275,80.7326,4.5,192.31
7/2/2007,5.25,,,,,,,,
14/2/2007,5.26,,,,,,,,
21/2/2007,5.25,,,,,,,,
28/2/2007,5.28,,,,,,,,
1/3/2007,,205.288,,11190.7,,100.9023,80.6935,4.4,200.206
7/3/2007,5.25,,,,,,,,
14/3/2007,5.25,,,,,,,,
21/3/2007,5.26,,,,,,,,
28/3/2007,5.26,,,,,,,,
1/4/2007,,205.904,,11201.5,16713.314,101.5874,81.073,4.5,203.307
4/4/2007,5.26,,,,,,,,
11/4/2007,5.28,,,,,,,,
18/4/2007,5.24,,,,,,,,
25/4/2007,5.23,,,,,,,,
1/5/2007,,206.755,,11218,,101.6299,80.955,4.4,208.635
2/5/2007,5.25,,,,,,,,
9/5/2007,5.23,,,,,,,,
16/5/2007,5.27,,,,,,,,
23/5/2007,5.24,,,,,,,,
30/5/2007,5.28,,,,,,,,
1/6/2007,,207.234,,11218.5,,101.6482,80.8393,4.6,209.799
6/6/2007,5.24,,,,,,,,
13/6/2007,5.26,,,,,,,,
20/6/2007,5.25,,,,,,,,
27/6/2007,5.25,,,,,,,,
1/7/2007,,207.603,,11252.6,16809.587,101.4925,80.6142,4.7,209.639
4/7/2007,5.28,,,,,,,,
11/7/2007,5.23,,,,,,,,
18/7/2007,5.27,,,,,,,,
25/7/2007,5.26,,,,,,,,
1/8/2007,5.27,207.667,,11300.1,,101.6874,80.6999,4.6,206.412
8/8/2007,5.25,,,,,,,,
15/8/2007,4.79,,,,,,,,
22/8/2007,4.91,,,,,,,,
29/8/2007,5.11,,,,,,,,
1/9/2007,,208.547,,11309.6,,101.9398,80.8586,4.7,210.742
5/9/2007,5.03,,,,,,,,
12/9/2007,4.98,,,,,,,,
19/9/2007,5.12,,,,,,,,
26/9/2007,4.78,,,,,,,,
1/10/2007,,209.19,,11318.6,16915.191,101.6345,80.6013,4.7,212.386
3/10/2007,4.72,,,,,,,,
10/10/2007,4.75,,,,,,,,
17/10/2007,4.74,,,,,,,,
24/10/2007,4.73,,,,,,,,
31/10/2007,4.78,,,,,,,,
1/11/2007,,210.834,,11342.2,,102.2068,81.0633,4.7,223.814
7/11/2007,4.33,,,,,,,,
14/11/2007,4.54,,,,,,,,
21/11/2007,4.51,,,,,,,,
28/11/2007,4.53,,,,,,,,
1/12/2007,,211.445,,11335.1,,102.2604,81.1334,5,225.649
5/12/2007,4.55,,,,,,,,
12/12/2007,4.39,,,,,,,,
19/12/2007,4.21,,,,,,,,
26/12/2007,4.21,,,,,,,,
1/1/2008,,212.174,,11333.2,16843.003,102.14,81.0815,5,226.775
2/1/2008,3.77,,,,,,,,
9/1/2008,4.23,,,,,,,,
16/1/2008,4.24,,,,,,,,
23/1/2008,4,,,,,,,,
30/1/2008,3.5,,,,,,,,
1/2/2008,,212.687,,11293.9,,101.7671,80.8357,4.9,229.731
6/2/2008,3.01,,,,,,,,
13/2/2008,3,,,,,,,,
20/2/2008,2.98,,,,,,,,
27/2/2008,2.96,,,,,,,,
1/3/2008,,213.448,,11322.1,,101.4355,80.6256,5.1,233.349
5/3/2008,3,,,,,,,,
12/3/2008,2.97,,,,,,,,
19/3/2008,2.7,,,,,,,,
26/3/2008,2.18,,,,,,,,
1/4/2008,,213.942,,11340.5,16943.291,100.7424,80.1238,5,234.778
2/4/2008,2.23,,,,,,,,
9/4/2008,2.23,,,,,,,,
16/4/2008,2.34,,,,,,,,
23/4/2008,2.25,,,,,,,,
30/4/2008,2.28,,,,,,,,
1/5/2008,,215.208,,11361.6,,100.132,79.6718,5.4,243.924
7/5/2008,1.94,,,,,,,,
14/5/2008,1.96,,,,,,,,
21/5/2008,1.96,,,,,,,,
28/5/2008,2.05,,,,,,,,
1/6/2008,,217.463,,11340.7,,99.8651,79.4693,5.6,262.081
4/6/2008,1.99,,,,,,,,
11/6/2008,1.99,,,,,,,,
18/6/2008,1.98,,,,,,,,
25/6/2008,1.97,,,,,,,,
1/7/2008,,219.016,,11286,16854.295,99.4214,79.095,5.8,271.149
2/7/2008,2.08,,,,,,,,
9/7/2008,1.95,,,,,,,,
16/7/2008,2.01,,,,,,,,
23/7/2008,1.99,,,,,,,,
30/7/2008,2.08,,,,,,,,
1/8/2008,,218.69,,11284.7,,97.8448,77.7872,6.1,262.566
6/8/2008,2.02,,,,,,,,
13/8/2008,1.99,,,,,,,,
20/8/2008,2.02,,,,,,,,
27/8/2008,1.99,,,,,,,,
1/9/2008,,218.877,,11209.7,,93.559,74.3062,6.1,260.125
3/9/2008,1.96,,,,,,,,
10/9/2008,1.99,,,,,,,,
17/9/2008,2.25,,,,,,,,
24/9/2008,1.54,,,,,,,,
1/10/2008,1.32,216.995,,11192.5,16485.35,94.4956,74.9571,6.5,238.065
8/10/2008,1.59,,,,,,,,
15/10/2008,0.96,,,,,,,,
22/10/2008,0.69,,,,,,,,
29/10/2008,0.82,,,,,,,,
1/11/2008,,213.153,,11158.2,,93.2689,73.8807,6.8,195.155
5/11/2008,0.24,,,,,,,,
12/11/2008,0.28,,,,,,,,
19/11/2008,0.36,,,,,,,,
26/11/2008,0.56,,,,,,,,
1/12/2008,,211.398,,11125.8,,90.628,71.6823,7.3,176.583
3/12/2008,0.49,,,,,,,,
10/12/2008,0.13,,,,,,,,
17/12/2008,0.15,,,,,,,,
24/12/2008,0.11,,,,,,,,
31/12/2008,0.1,,,,,,,,
1/1/2009,,211.933,,11176.3,16298.262,88.3811,69.7982,7.8,178.661
7/1/2009,0.1,,,,,,,,
14/1/2009,0.1,,,,,,,,
21/1/2009,0.2,,,,,,,,
28/1/2009,0.19,,,,,,,,
1/2/2009,,212.705,,11130.5,,87.8412,69.2778,8.3,183.721
4/2/2009,0.23,,,,,,,,
11/2/2009,0.23,,,,,,,,
18/2/2009,0.23,,,,,,,,
25/2/2009,0.2,,,,,,,,
1/3/2009,,212.495,,11084.6,,86.4794,68.12,8.7,178.415
4/3/2009,0.22,,,,,,,,
11/3/2009,0.2,,,,,,,,
18/3/2009,0.17,,,,,,,,
25/3/2009,0.17,,,,,,,,
1/4/2009,0.16,212.709,,11068,16269.145,85.7883,67.5007,9,177.552
8/4/2009,0.14,,,,,,,,
15/4/2009,0.15,,,,,,,,
22/4/2009,0.14,,,,,,,,
29/4/2009,0.17,,,,,,,,
1/5/2009,,213.022,,11078.1,,84.9516,66.7873,9.4,179.83
6/5/2009,0.21,,,,,,,,
13/5/2009,0.17,,,,,,,,
20/5/2009,0.16,,,,,,,,
27/5/2009,0.17,,,,,,,,
1/6/2009,,214.79,,11081.1,,84.6928,66.5532,9.5,197.033
3/6/2009,0.19,,,,,,,,
10/6/2009,0.2,,,,,,,,
17/6/2009,0.19,,,,,,,,
24/6/2009,0.24,,,,,,,,
1/7/2009,0.19,214.726,,11118.1,16326.281,85.7044,67.3455,9.5,195.778
8/7/2009,0.17,,,,,,,,
15/7/2009,0.14,,,,,,,,
22/7/2009,0.15,,,,,,,,
29/7/2009,0.15,,,,,,,,
1/8/2009,,215.445,,11218,,86.6617,68.1236,9.6,201.583
5/8/2009,0.18,,,,,,,,
12/8/2009,0.17,,,,,,,,
19/8/2009,0.16,,,,,,,,
26/8/2009,0.16,,,,,,,,
1/9/2009,,215.861,,11114.6,,87.4033,68.7596,9.8,202.777
2/9/2009,0.15,,,,,,,,
9/9/2009,0.15,,,,,,,,
16/9/2009,0.16,,,,,,,,
23/9/2009,0.16,,,,,,,,
30/9/2009,0.12,,,,,,,,
1/10/2009,,216.509,,11127.1,16502.754,87.6035,68.9939,10,204.719
7/10/2009,0.13,,,,,,,,
14/10/2009,0.12,,,,,,,,
21/10/2009,0.12,,,,,,,,
28/10/2009,0.11,,,,,,,,
1/11/2009,,217.234,100.2,11109.4,,87.9559,69.3689,9.9,210.932
4/11/2009,0.12,,,,,,,,
11/11/2009,0.12,,,,,,,,
18/11/2009,0.12,,,,,,,,
25/11/2009,0.11,,,,,,,,
1/12/2009,,217.347,100.3,11177.3,,88.2468,69.7136,9.9,209.915
2/12/2009,0.12,,,,,,,,
9/12/2009,0.12,,,,,,,,
16/12/2009,0.12,,,,,,,,
23/12/2009,0.12,,,,,,,,
30/12/2009,0.11,,,,,,,,
1/1/2010,,217.488,101.2,11156.8,16582.71,89.1911,70.5918,9.8,212.807
6/1/2010,0.08,,,,,,,,
13/1/2010,0.11,,,,,,,,
20/1/2010,0.12,,,,,,,,
27/1/2010,0.12,,,,,,,,
1/2/2010,,217.281,101,11198.6,,89.4972,70.9754,9.8,209.624
3/2/2010,0.13,,,,,,,,
10/2/2010,0.13,,,,,,,,
17/2/2010,0.12,,,,,,,,
24/2/2010,0.12,,,,,,,,
1/3/2010,,217.353,101.1,11252.1,,90.1419,71.6373,9.9,209.326
3/3/2010,0.13,,,,,,,,
10/3/2010,0.16,,,,,,,,
17/3/2010,0.18,,,,,,,,
24/3/2010,0.18,,,,,,,,
31/3/2010,0.16,,,,,,,,
1/4/2010,,217.403,101.4,11275.1,16743.162,90.4591,72.0473,9.9,209.219
7/4/2010,0.19,,,,,,,,
14/4/2010,0.19,,,,,,,,
21/4/2010,0.21,,,,,,,,
28/4/2010,0.2,,,,,,,,
1/5/2010,,217.29,101.6,11303.2,,91.702,73.1966,9.6,206.631
5/5/2010,0.2,,,,,,,,
12/5/2010,0.2,,,,,,,,
19/5/2010,0.2,,,,,,,,
26/5/2010,0.2,,,,,,,,
1/6/2010,,217.199,101.4,11330.6,,91.8997,73.5082,9.4,203.764
2/6/2010,0.19,,,,,,,,
9/6/2010,0.19,,,,,,,,
16/6/2010,0.18,,,,,,,,
23/6/2010,0.18,,,,,,,,
30/6/2010,0.15,,,,,,,,
1/7/2010,,217.605,101.6,11361.7,16872.266,92.2522,73.9324,9.4,206.877
7/7/2010,0.18,,,,,,,,
14/7/2010,0.17,,,,,,,,
21/7/2010,0.19,,,,,,,,
28/7/2010,0.19,,,,,,,,
1/8/2010,,217.923,101.8,11389.2,,92.5899,74.331,9.5,208.77
4/8/2010,0.19,,,,,,,,
11/8/2010,0.18,,,,,,,,
18/8/2010,0.19,,,,,,,,
25/8/2010,0.19,,,,,,,,
1/9/2010,0.19,218.275,102.1,11399.9,,92.8564,74.6547,9.5,209.832
8/9/2010,0.19,,,,,,,,
15/9/2010,0.19,,,,,,,,
22/9/2010,0.21,,,,,,,,
29/9/2010,0.2,,,,,,,,
1/10/2010,,219.035,102.5,11428.9,16960.864,92.6037,74.5429,9.4,216.71
6/10/2010,0.19,,,,,,,,
13/10/2010,0.18,,,,,,,,
20/10/2010,0.19,,,,,,,,
27/10/2010,0.19,,,,,,,,
1/11/2010,,219.59,102.8,11458,,92.6773,74.6746,9.8,219.496
3/11/2010,0.2,,,,,,,,
10/11/2010,0.18,,,,,,,,
17/11/2010,0.19,,,,,,,,
24/11/2010,0.2,,,,,,,,
1/12/2010,0.2,220.472,103.1,11473.2,,93.5851,75.4597,9.3,227.13
8/12/2010,0.18,,,,,,,,
15/12/2010,0.17,,,,,,,,
22/12/2010,0.2,,,,,,,,
29/12/2010,0.19,,,,,,,,
1/1/2011,,221.187,103.7,11486,16920.632,93.3944,75.34,9.1,229.258
5/1/2011,0.16,,,,,,,,
12/1/2011,0.17,,,,,,,,
19/1/2011,0.17,,,,,,,,
26/1/2011,0.17,,,,,,,,
1/2/2011,,221.898,104.3,11482.8,,92.993,75.0288,9,232.068
2/2/2011,0.17,,,,,,,,
9/2/2011,0.17,,,,,,,,
16/2/2011,0.15,,,,,,,,
23/2/2011,0.15,,,,,,,,
1/3/2011,,223.046,105,11522.6,,93.982,75.819,9,240.079
2/3/2011,0.15,,,,,,,,
9/3/2011,0.15,,,,,,,,
16/3/2011,0.14,,,,,,,,
23/3/2011,0.14,,,,,,,,
30/3/2011,0.13,,,,,,,,
1/4/2011,,224.093,105.5,11508.9,17035.114,93.6525,75.5255,9.1,247.977
6/4/2011,0.1,,,,,,,,
13/4/2011,0.09,,,,,,,,
20/4/2011,0.11,,,,,,,,
27/4/2011,0.1,,,,,,,,
1/5/2011,,224.806,105.8,11495.6,,93.7775,75.5784,9,250.744
4/5/2011,0.09,,,,,,,,
11/5/2011,0.09,,,,,,,,
18/5/2011,0.09,,,,,,,,
25/5/2011,0.1,,,,,,,,
1/6/2011,0.1,224.806,105.9,11522.3,,94.0467,75.7276,9.1,245.534
8/6/2011,0.1,,,,,,,,
15/6/2011,0.09,,,,,,,,
22/6/2011,0.1,,,,,,,,
29/6/2011,0.08,,,,,,,,
1/7/2011,,225.395,106.1,11542.3,17031.313,94.4931,76.0009,9,246.187
6/7/2011,0.08,,,,,,,,
13/7/2011,0.07,,,,,,,,
20/7/2011,0.06,,,,,,,,
27/7/2011,0.06,,,,,,,,
1/8/2011,,226.106,106.3,11535.3,,95.0969,76.3842,9,246.88
3/8/2011,0.12,,,,,,,,
10/8/2011,0.09,,,,,,,,
17/8/2011,0.1,,,,,,,,
24/8/2011,0.09,,,,,,,,
31/8/2011,0.09,,,,,,,,
1/9/2011,,226.597,106.7,11554.3,,95.0281,76.2147,9,248.55
7/9/2011,0.08,,,,,,,,
14/9/2011,0.09,,,,,,,,
21/9/2011,0.09,,,,,,,,
28/9/2011,0.08,,,,,,,,
1/10/2011,,226.75,106.3,11575.1,17222.583,95.6924,76.6224,8.8,246.655
5/10/2011,0.07,,,,,,,,
12/10/2011,0.07,,,,,,,,
19/10/2011,0.07,,,,,,,,
26/10/2011,0.07,,,,,,,,
1/11/2011,,227.169,106.6,11555.7,,95.6913,76.4885,8.6,247.64
2/11/2011,0.08,,,,,,,,
9/11/2011,0.08,,,,,,,,
16/11/2011,0.08,,,,,,,,
23/11/2011,0.08,,,,,,,,
30/11/2011,0.08,,,,,,,,
1/12/2011,,227.223,106.5,11560.9,,96.1938,76.7512,8.5,243.353
7/12/2011,0.08,,,,,,,,
14/12/2011,0.07,,,,,,,,
21/12/2011,0.07,,,,,,,,
28/12/2011,0.08,,,,,,,,
1/1/2012,,227.842,106.9,11605.5,17367.01,96.779,77.0743,8.3,244.876
4/1/2012,0.05,,,,,,,,
11/1/2012,0.07,,,,,,,,
18/1/2012,0.09,,,,,,,,
25/1/2012,0.09,,,,,,,,
1/2/2012,0.09,228.329,107.2,11675.8,,97.0959,77.1823,8.3,248.898
8/2/2012,0.11,,,,,,,,
15/2/2012,0.12,,,,,,,,
22/2/2012,0.09,,,,,,,,
29/2/2012,0.09,,,,,,,,
1/3/2012,,228.807,107.4,11660.5,,96.5919,76.6382,8.2,249.742
7/3/2012,0.11,,,,,,,,
14/3/2012,0.12,,,,,,,,
21/3/2012,0.15,,,,,,,,
28/3/2012,0.14,,,,,,,,
1/4/2012,,229.187,107.7,11671.4,17444.525,97.2942,77.0523,8.2,249.677
4/4/2012,0.12,,,,,,,,
11/4/2012,0.14,,,,,,,,
18/4/2012,0.15,,,,,,,,
25/4/2012,0.13,,,,,,,,
1/5/2012,,228.713,107.6,11672,,97.4853,77.0632,8.2,241.806
2/5/2012,0.14,,,,,,,,
9/5/2012,0.16,,,,,,,,
16/5/2012,0.15,,,,,,,,
23/5/2012,0.16,,,,,,,,
30/5/2012,0.15,,,,,,,,
1/6/2012,,228.524,107.3,11659.9,,97.4959,76.9351,8.2,235.897
6/6/2012,0.16,,,,,,,,
13/6/2012,0.17,,,,,,,,
20/6/2012,0.17,,,,,,,,
27/6/2012,0.17,,,,,,,,
1/7/2012,,228.59,107.2,11684.4,17469.65,97.6922,76.9584,8.2,233.568
4/7/2012,0.13,,,,,,,,
11/7/2012,0.17,,,,,,,,
18/7/2012,0.18,,,,,,,,
25/7/2012,0.14,,,,,,,,
1/8/2012,0.14,229.918,107.5,11686.7,,97.3061,76.5269,8.1,244.987
8/8/2012,0.14,,,,,,,,
15/8/2012,0.13,,,,,,,,
22/8/2012,0.13,,,,,,,,
29/8/2012,0.13,,,,,,,,
1/9/2012,,231.015,108.2,11703.2,,97.2383,76.3502,7.8,252.987
5/9/2012,0.14,,,,,,,,
12/9/2012,0.15,,,,,,,,
19/9/2012,0.16,,,,,,,,
26/9/2012,0.15,,,,,,,,
1/10/2012,,231.638,108.3,11702.3,17489.852,97.5425,76.4688,7.8,256.017
3/10/2012,0.13,,,,,,,,
10/10/2012,0.15,,,,,,,,
17/10/2012,0.16,,,,,,,,
24/10/2012,0.16,,,,,,,,
31/10/2012,0.17,,,,,,,,
1/11/2012,,231.249,108.4,11753.4,,97.934,76.6589,7.7,248.819
7/11/2012,0.16,,,,,,,,
14/11/2012,0.16,,,,,,,,
21/11/2012,0.16,,,,,,,,
28/11/2012,0.16,,,,,,,,
1/12/2012,,231.221,108.4,11758.3,,98.1984,76.7539,7.9,244.708
5/12/2012,0.16,,,,,,,,
12/12/2012,0.16,,,,,,,,
19/12/2012,0.17,,,,,,,,
26/12/2012,0.17,,,,,,,,
1/1/2013,,231.679,108.7,11810.6,17662.4,98.2029,76.6511,8,245.025
2/1/2013,0.15,,,,,,,,
9/1/2013,0.16,,,,,,,,
16/1/2013,0.14,,,,,,,,
23/1/2013,0.14,,,,,,,,
30/1/2013,0.14,,,,,,,,
1/2/2013,,232.937,108.9,11808.6,,98.6733,76.9174,7.7,255.696
6/2/2013,0.14,,,,,,,,
13/2/2013,0.14,,,,,,,,
20/2/2013,0.15,,,,,,,,
27/2/2013,0.15,,,,,,,,
1/3/2013,,232.282,108.9,11823.8,,99.0788,77.1389,7.5,246.595
6/3/2013,0.15,,,,,,,,
13/3/2013,0.15,,,,,,,,
20/3/2013,0.16,,,,,,,,
27/3/2013,0.15,,,,,,,,
1/4/2013,,231.797,108.7,11826.4,17709.671,98.9658,76.9643,7.6,240.473
3/4/2013,0.12,,,,,,,,
10/4/2013,0.15,,,,,,,,
17/4/2013,0.15,,,,,,,,
24/4/2013,0.15,,,,,,,,
1/5/2013,0.13,231.893,108.6,11860.1,,99.0567,76.9553,7.5,240.468
8/5/2013,0.14,,,,,,,,
15/5/2013,0.12,,,,,,,,
22/5/2013,0.1,,,,,,,,
29/5/2013,0.09,,,,,,,,
1/6/2013,,232.445,109,11857.7,,99.2424,77.0265,7.5,242.711
5/6/2013,0.09,,,,,,,,
12/6/2013,0.09,,,,,,,,
19/6/2013,0.1,,,,,,,,
26/6/2013,0.1,,,,,,,,
1/7/2013,,232.9,109.2,11872.3,17860.45,98.9258,76.7152,7.3,242.986
3/7/2013,0.09,,,,,,,,
10/7/2013,0.1,,,,,,,,
17/7/2013,0.09,,,,,,,,
24/7/2013,0.09,,,,,,,,
31/7/2013,0.09,,,,,,,,
1/8/2013,,233.456,109.3,11890.3,,99.5059,77.1048,7.2,244.833
7/8/2013,0.09,,,,,,,,
14/8/2013,0.08,,,,,,,,
21/8/2013,0.09,,,,,,,,
28/8/2013,0.08,,,,,,,,
1/9/2013,,233.544,109.3,11926.1,,100.0391,77.461,7.2,242.745
4/9/2013,0.08,,,,,,,,
11/9/2013,0.08,,,,,,,,
18/9/2013,0.08,,,,,,,,
25/9/2013,0.08,,,,,,,,
1/10/2013,,233.669,109.5,11964.6,18016.147,99.9203,77.3148,7.2,241.954
2/10/2013,0.08,,,,,,,,
9/10/2013,0.08,,,,,,,,
16/10/2013,0.1,,,,,,,,
23/10/2013,0.09,,,,,,,,
30/10/2013,0.08,,,,,,,,
1/11/2013,,234.1,109.7,12013.7,,100.1661,77.4524,6.9,242.718
6/11/2013,0.08,,,,,,,,
13/11/2013,0.08,,,,,,,,
20/11/2013,0.09,,,,,,,,
27/11/2013,0.09,,,,,,,,
1/12/2013,,234.719,109.8,12024.7,,100.3777,77.564,6.7,245.733
4/12/2013,0.08,,,,,,,,
11/12/2013,0.09,,,,,,,,
18/12/2013,0.09,,,,,,,,
25/12/2013,0.09,,,,,,,,
1/1/2014,0.08,235.288,110.1,11985,17953.974,99.999,77.219,6.6,250.34
8/1/2014,0.08,,,,,,,,
15/1/2014,0.07,,,,,,,,
22/1/2014,0.07,,,,,,,,
29/1/2014,0.07,,,,,,,,
1/2/2014,,235.547,110.3,12039.4,,100.7583,77.7522,6.7,249.925
5/2/2014,0.07,,,,,,,,
12/2/2014,0.06,,,,,,,,
19/2/2014,0.06,,,,,,,,
26/2/2014,0.07,,,,,,,,
1/3/2014,,236.028,110.7,12108.3,,101.7767,78.4825,6.7,249.961
5/3/2014,0.07,,,,,,,,
12/3/2014,0.08,,,,,,,,
19/3/2014,0.08,,,,,,,,
26/3/2014,0.08,,,,,,,,
1/4/2014,,236.468,110.8,12128.1,18185.911,101.8425,78.4738,6.2,249.864
2/4/2014,0.08,,,,,,,,
9/4/2014,0.08,,,,,,,,
16/4/2014,0.09,,,,,,,,
23/4/2014,0.1,,,,,,,,
30/4/2014,0.09,,,,,,,,
1/5/2014,,236.918,111,12154.5,,102.2594,78.731,6.3,249.213
7/5/2014,0.09,,,,,,,,
14/5/2014,0.08,,,,,,,,
21/5/2014,0.09,,,,,,,,
28/5/2014,0.09,,,,,,,,
1/6/2014,,237.231,110.9,12197.1,,102.5986,78.9229,6.1,249.714
4/6/2014,0.09,,,,,,,,
11/6/2014,0.09,,,,,,,,
18/6/2014,0.1,,,,,,,,
25/6/2014,0.1,,,,,,,,
1/7/2014,,237.498,111.3,12223.6,18406.941,102.8163,79.0163,6.2,248.744
2/7/2014,0.1,,,,,,,,
9/7/2014,0.09,,,,,,,,
16/7/2014,0.09,,,,,,,,
23/7/2014,0.09,,,,,,,,
30/7/2014,0.09,,,,,,,,
1/8/2014,,237.46,111.3,12306.5,,102.6562,78.8163,6.1,245.699
6/8/2014,0.09,,,,,,,,
13/8/2014,0.09,,,,,,,,
20/8/2014,0.09,,,,,,,,
27/8/2014,0.09,,,,,,,,
1/9/2014,,237.477,111.1,12310.2,,102.9776,78.9895,5.9,241.61
3/9/2014,0.08,,,,,,,,
10/9/2014,0.09,,,,,,,,
17/9/2014,0.09,,,,,,,,
24/9/2014,0.09,,,,,,,,
1/10/2014,0.09,237.43,111.3,12389.1,18500.031,102.9892,78.9292,5.7,237.061
8/10/2014,0.09,,,,,,,,
15/10/2014,0.09,,,,,,,,
22/10/2014,0.09,,,,,,,,
29/10/2014,0.09,,,,,,,,
1/11/2014,,236.983,111.1,12420.6,,103.6402,79.3647,5.8,229.016
5/11/2014,0.08,,,,,,,,
12/11/2014,0.09,,,,,,,,
19/11/2014,0.1,,,,,,,,
26/11/2014,0.1,,,,,,,,
1/12/2014,,236.252,110.8,12455.1,,103.6345,79.304,5.6,218.536
3/12/2014,0.1,,,,,,,,
10/12/2014,0.12,,,,,,,,
17/12/2014,0.12,,,,,,,,
24/12/2014,0.13,,,,,,,,
31/12/2014,0.12,,,,,,,,
1/1/2015,,234.747,110.1,12484.7,18666.621,102.8239,78.6338,5.7,199.926
7/1/2015,0.11,,,,,,,,
14/1/2015,0.12,,,,,,,,
21/1/2015,0.13,,,,,,,,
28/1/2015,0.12,,,,,,,,
1/2/2015,,235.342,109.6,12514.1,,102.1513,78.0854,5.5,203.021
4/2/2015,0.09,,,,,,,,
11/2/2015,0.12,,,,,,,,
18/2/2015,0.12,,,,,,,,
25/2/2015,0.12,,,,,,,,
1/3/2015,,235.976,109.8,12551.8,,101.824,77.8104,5.4,205.757
4/3/2015,0.09,,,,,,,,
11/3/2015,0.12,,,,,,,,
18/3/2015,0.11,,,,,,,,
25/3/2015,0.12,,,,,,,,
1/4/2015,0.11,236.222,109.6,12574.8,18782.243,101.244,77.3473,5.4,203.577
8/4/2015,0.12,,,,,,,,
15/4/2015,0.12,,,,,,,,
22/4/2015,0.13,,,,,,,,
29/4/2015,0.13,,,,,,,,
1/5/2015,,237.001,110,12612.7,,100.783,76.9844,5.6,208.973
6/5/2015,0.12,,,,,,,,
13/5/2015,0.13,,,,,,,,
20/5/2015,0.13,,,,,,,,
27/5/2015,0.13,,,,,,,,
1/6/2015,,237.657,110.3,12621.6,,100.4781,76.7496,5.3,212.015
3/6/2015,0.1,,,,,,,,
10/6/2015,0.13,,,,,,,,
17/6/2015,0.13,,,,,,,,
24/6/2015,0.13,,,,,,,,
1/7/2015,0.12,238.034,110.5,12668.4,18857.418,101.1052,77.2342,5.2,211.623
8/7/2015,0.13,,,,,,,,
15/7/2015,0.13,,,,,,,,
22/7/2015,0.13,,,,,,,,
29/7/2015,0.13,,,,,,,,
1/8/2015,,238.033,110.3,12699.7,,100.9442,77.1213,5.1,208.579
5/8/2015,0.11,,,,,,,,
12/8/2015,0.14,,,,,,,,
19/8/2015,0.15,,,,,,,,
26/8/2015,0.15,,,,,,,,
1/9/2015,,237.498,109.9,12707.2,,100.6507,76.9102,5,197.246
2/9/2015,0.13,,,,,,,,
9/9/2015,0.14,,,,,,,,
16/9/2015,0.14,,,,,,,,
23/9/2015,0.14,,,,,,,,
30/9/2015,0.12,,,,,,,,
1/10/2015,,237.733,109.6,12715.9,18892.206,100.1871,76.5691,5,195.616
7/10/2015,0.13,,,,,,,,
14/10/2015,0.13,,,,,,,,
21/10/2015,0.13,,,,,,,,
28/10/2015,0.12,,,,,,,,
1/11/2015,,238.017,109.7,12737,,99.4382,76.0077,5.1,195.114
4/11/2015,0.1,,,,,,,,
11/11/2015,0.12,,,,,,,,
18/11/2015,0.12,,,,,,,,
25/11/2015,0.12,,,,,,,,
1/12/2015,,237.761,109.6,12777.3,,98.939,75.6338,5,190.143
2/12/2015,0.12,,,,,,,,
9/12/2015,0.13,,,,,,,,
16/12/2015,0.14,,,,,,,,
23/12/2015,0.37,,,,,,,,
30/12/2015,0.36,,,,,,,,
1/1/2016,,237.652,110,12798.7,19001.69,99.4558,76.0323,4.8,185.235
6/1/2016,0.27,,,,,,,,
13/1/2016,0.36,,,,,,,,
20/1/2016,0.36,,,,,,,,
27/1/2016,0.38,,,,,,,,
1/2/2016,,237.336,109.7,12884,,98.9136,75.6159,4.9,176.401
3/2/2016,0.34,,,,,,,,
10/2/2016,0.38,,,,,,,,
17/2/2016,0.38,,,,,,,,
24/2/2016,0.38,,,,,,,,
1/3/2016,,238.08,109.7,12836.1,,98.1907,75.0559,5,182.234
2/3/2016,0.36,,,,,,,,
9/3/2016,0.36,,,,,,,,
16/3/2016,0.36,,,,,,,,
23/3/2016,0.37,,,,,,,,
30/3/2016,0.37,,,,,,,,
1/4/2016,,238.992,109.9,12870.2,19062.709,98.4669,75.2543,5.1,186.713
6/4/2016,0.35,,,,,,,,
13/4/2016,0.37,,,,,,,,
20/4/2016,0.37,,,,,,,,
27/4/2016,0.37,,,,,,,,
1/5/2016,,239.557,110.1,12891.2,,98.2518,75.0727,4.8,188.596
4/5/2016,0.34,,,,,,,,
11/5/2016,0.37,,,,,,,,
18/5/2016,0.37,,,,,,,,
25/5/2016,0.37,,,,,,,,
1/6/2016,0.36,240.222,110.6,12948.6,,98.7275,75.4151,4.9,192.899
8/6/2016,0.37,,,,,,,,
15/6/2016,0.37,,,,,,,,
22/6/2016,0.38,,,,,,,,
29/6/2016,0.4,,,,,,,,
1/7/2016,,240.101,110.5,12972.2,19197.938,98.836,75.4735,4.8,189.046
6/7/2016,0.39,,,,,,,,
13/7/2016,0.4,,,,,,,,
20/7/2016,0.4,,,,,,,,
27/7/2016,0.4,,,,,,,,
1/8/2016,,240.545,110.3,12986.1,,98.7554,75.3862,4.9,188.772
3/8/2016,0.36,,,,,,,,
10/8/2016,0.4,,,,,,,,
17/8/2016,0.4,,,,,,,,
24/8/2016,0.4,,,,,,,,
31/8/2016,0.39,,,,,,,,
1/9/2016,,241.176,110.6,13020.9,,98.6596,75.2897,5,192.243
7/9/2016,0.4,,,,,,,,
14/9/2016,0.4,,,,,,,,
21/9/2016,0.4,,,,,,,,
28/9/2016,0.4,,,,,,,,
1/10/2016,,241.741,110.9,13014.9,19304.352,98.7322,75.3271,4.9,195.979
5/10/2016,0.35,,,,,,,,
12/10/2016,0.4,,,,,,,,
19/10/2016,0.41,,,,,,,,
26/10/2016,0.41,,,,,,,,
1/11/2016,,242.026,111.1,13036.8,,98.3452,75.0219,4.7,196.372
2/11/2016,0.4,,,,,,,,
9/11/2016,0.41,,,,,,,,
16/11/2016,0.41,,,,,,,,
23/11/2016,0.41,,,,,,,,
30/11/2016,0.4,,,,,,,,
1/12/2016,,242.637,111.4,13128.5,,99.0314,75.5453,4.7,199.513
7/12/2016,0.41,,,,,,,,
14/12/2016,0.41,,,,,,,,
21/12/2016,0.66,,,,,,,,
28/12/2016,0.66,,,,,,,,
1/1/2017,,243.618,111.9,13136.3,19398.343,98.7987,75.3784,4.7,205.369
4/1/2017,0.6,,,,,,,,
11/1/2017,0.66,,,,,,,,
18/1/2017,0.66,,,,,,,,
25/1/2017,0.66,,,,,,,,
1/2/2017,0.65,244.006,111.9,13143.4,,98.4322,75.1225,4.6,204.133
8/2/2017,0.66,,,,,,,,
15/2/2017,0.66,,,,,,,,
22/2/2017,0.66,,,,,,,,
1/3/2017,0.65,243.892,112.1,13201.7,,99.0663,75.6429,4.4,202.528
8/3/2017,0.66,,,,,,,,
15/3/2017,0.66,,,,,,,,
22/3/2017,0.91,,,,,,,,
29/3/2017,0.91,,,,,,,,
1/4/2017,,244.193,112.6,13206.1,19506.949,100.0082,76.4106,4.4,202.954
5/4/2017,0.87,,,,,,,,
12/4/2017,0.91,,,,,,,,
19/4/2017,0.91,,,,,,,,
26/4/2017,0.91,,,,,,,,
1/5/2017,,244.004,112.5,13214.5,,100.1286,76.5629,4.4,198.449
3/5/2017,0.88,,,,,,,,
10/5/2017,0.91,,,,,,,,
17/5/2017,0.91,,,,,,,,
24/5/2017,0.91,,,,,,,,
31/5/2017,0.9,,,,,,,,
1/6/2017,,244.163,112.6,13256.7,,100.3233,76.7832,4.3,197.808
7/6/2017,0.91,,,,,,,,
14/6/2017,0.91,,,,,,,,
21/6/2017,1.16,,,,,,,,
28/6/2017,1.16,,,,,,,,
1/7/2017,,244.243,112.7,13290.1,19660.766,100.0947,76.6891,4.3,195.994
5/7/2017,1.12,,,,,,,,
12/7/2017,1.16,,,,,,,,
19/7/2017,1.16,,,,,,,,
26/7/2017,1.16,,,,,,,,
1/8/2017,,245.183,113.1,13291.7,,99.6642,76.4472,4.4,201.45
2/8/2017,1.15,,,,,,,,
9/8/2017,1.16,,,,,,,,
16/8/2017,1.16,,,,,,,,
23/8/2017,1.16,,,,,,,,
30/8/2017,1.16,,,,,,,,
1/9/2017,,246.435,113.5,13364.4,,99.7686,76.6181,4.3,212.723
6/9/2017,1.15,,,,,,,,
13/9/2017,1.16,,,,,,,,
20/9/2017,1.16,,,,,,,,
27/9/2017,1.16,,,,,,,,
1/10/2017,,246.626,113.9,13377,19882.352,100.9981,77.654,4.2,208.328
4/10/2017,1.12,,,,,,,,
11/10/2017,1.16,,,,,,,,
18/10/2017,1.16,,,,,,,,
25/10/2017,1.16,,,,,,,,
1/11/2017,1.15,247.284,114.3,13450.3,,101.2597,77.9439,4.2,213.047
8/11/2017,1.16,,,,,,,,
15/11/2017,1.16,,,,,,,,
22/11/2017,1.16,,,,,,,,
29/11/2017,1.16,,,,,,,,
1/12/2017,,247.805,114.4,13555.4,,101.4573,78.1791,4.1,213.574
6/12/2017,1.15,,,,,,,,
13/12/2017,1.16,,,,,,,,
20/12/2017,1.41,,,,,,,,
27/12/2017,1.42,,,,,,,,
1/1/2018,,248.859,114.8,13541.3,20044.077,101.3939,78.206,4,216.855
3/1/2018,1.37,,,,,,,,
10/1/2018,1.42,,,,,,,,
17/1/2018,1.42,,,,,,,,
24/1/2018,1.42,,,,,,,,
31/1/2018,1.41,,,,,,,,
1/2/2018,,249.529,115.1,13547.3,,101.7656,78.5556,4.1,220.141
7/2/2018,1.42,,,,,,,,
14/2/2018,1.42,,,,,,,,
21/2/2018,1.42,,,,,,,,
28/2/2018,1.41,,,,,,,,
1/3/2018,,249.577,115.3,13586.5,,102.2441,78.976,4,215.72
7/3/2018,1.42,,,,,,,,
14/3/2018,1.42,,,,,,,,
21/3/2018,1.43,,,,,,,,
28/3/2018,1.68,,,,,,,,
1/4/2018,,250.227,115.5,13598.7,20150.476,103.3468,79.8677,4,219.165
4/4/2018,1.68,,,,,,,,
11/4/2018,1.69,,,,,,,,
18/4/2018,1.69,,,,,,,,
25/4/2018,1.7,,,,,,,,
1/5/2018,,250.792,115.9,13640.5,,102.3911,79.1543,3.8,221.045
2/5/2018,1.7,,,,,,,,
9/5/2018,1.7,,,,,,,,
16/5/2018,1.7,,,,,,,,
23/5/2018,1.7,,,,,,,,
30/5/2018,1.7,,,,,,,,
1/6/2018,,251.018,116.3,13653.7,,103.1924,79.7837,4,220.947
6/6/2018,1.7,,,,,,,,
13/6/2018,1.7,,,,,,,,
20/6/2018,1.9,,,,,,,,
27/6/2018,1.92,,,,,,,,
1/7/2018,,251.214,116.4,13682.7,20276.154,103.3334,79.8874,3.8,219.929
4/7/2018,1.91,,,,,,,,
11/7/2018,1.91,,,,,,,,
18/7/2018,1.91,,,,,,,,
25/7/2018,1.91,,,,,,,,
1/8/2018,1.91,251.663,116.5,13711.5,,104.0807,80.4472,3.8,222.781
8/8/2018,1.91,,,,,,,,
15/8/2018,1.91,,,,,,,,
22/8/2018,1.92,,,,,,,,
29/8/2018,1.92,,,,,,,,
1/9/2018,,252.182,116.7,13687.1,,104.1181,80.4471,3.7,223.955
5/9/2018,1.91,,,,,,,,
12/9/2018,1.92,,,,,,,,
19/9/2018,1.92,,,,,,,,
26/9/2018,1.92,,,,,,,,
1/10/2018,,252.772,117.5,13727.1,20304.874,103.9397,80.2713,3.8,226.022
3/10/2018,2.18,,,,,,,,
10/10/2018,2.18,,,,,,,,
17/10/2018,2.18,,,,,,,,
24/10/2018,2.19,,,,,,,,
31/10/2018,2.2,,,,,,,,
1/11/2018,,252.594,117.4,13800.3,,104.0007,80.2728,3.8,218.5
7/11/2018,2.2,,,,,,,,
14/11/2018,2.19,,,,,,,,
21/11/2018,2.2,,,,,,,,
28/11/2018,2.2,,,,,,,,
1/12/2018,,252.767,117.4,13682.3,,103.9946,80.2161,3.9,213.63
5/12/2018,2.2,,,,,,,,
12/12/2018,2.19,,,,,,,,
19/12/2018,2.19,,,,,,,,
26/12/2018,2.4,,,,,,,,
1/1/2019,,252.561,117,13716.5,20415.15,103.373,79.6792,4,204.34
2/1/2019,2.4,,,,,,,,
9/1/2019,2.4,,,,,,,,
16/1/2019,2.4,,,,,,,,
23/1/2019,2.4,,,,,,,,
30/1/2019,2.4,,,,,,,,
1/2/2019,,253.319,117.2,13723.1,,102.8292,79.2011,3.8,208.144
6/2/2019,2.4,,,,,,,,
13/2/2019,2.4,,,,,,,,
20/2/2019,2.4,,,,,,,,
27/2/2019,2.4,,,,,,,,
1/3/2019,,254.277,117.6,13818.2,,102.8286,79.1387,3.8,214.934
6/3/2019,2.4,,,,,,,,
13/3/2019,2.4,,,,,,,,
20/3/2019,2.4,,,,,,,,
27/3/2019,2.41,,,,,,,,
1/4/2019,,255.233,118.2,13813.1,20584.528,102.2481,78.626,3.7,222.42
3/4/2019,2.42,,,,,,,,
10/4/2019,2.41,,,,,,,,
17/4/2019,2.41,,,,,,,,
24/4/2019,2.44,,,,,,,,
1/5/2019,2.44,255.296,118.3,13866.1,,102.4192,78.6889,3.6,220.523
8/5/2019,2.4,,,,,,,,
15/5/2019,2.38,,,,,,,,
22/5/2019,2.39,,,,,,,,
29/5/2019,2.38,,,,,,,,
1/6/2019,,255.213,118.2,13909.1,,102.4893,78.6717,3.6,214.926
5/6/2019,2.39,,,,,,,,
12/6/2019,2.37,,,,,,,,
19/6/2019,2.37,,,,,,,,
26/6/2019,2.38,,,,,,,,
1/7/2019,,255.802,118.5,13968.4,20817.581,102.0236,78.2415,3.7,216.696
3/7/2019,2.4,,,,,,,,
10/7/2019,2.41,,,,,,,,
17/7/2019,2.39,,,,,,,,
24/7/2019,2.41,,,,,,,,
31/7/2019,2.4,,,,,,,,
1/8/2019,,256.036,118.6,14013.2,,102.7754,78.7426,3.6,213.847
7/8/2019,2.13,,,,,,,,
14/8/2019,2.12,,,,,,,,
21/8/2019,2.13,,,,,,,,
28/8/2019,2.12,,,,,,,,
1/9/2019,,256.43,118.3,14029.7,,102.5315,78.4845,3.5,213.015
4/9/2019,2.13,,,,,,,,
11/9/2019,2.13,,,,,,,,
18/9/2019,2.19,,,,,,,,
25/9/2019,1.9,,,,,,,,
1/10/2019,,257.155,118.8,14029.1,20951.088,101.6022,77.7075,3.6,215.268
2/10/2019,1.85,,,,,,,,
9/10/2019,1.82,,,,,,,,
16/10/2019,1.84,,,,,,,,
23/10/2019,1.85,,,,,,,,
30/10/2019,1.83,,,,,,,,
1/11/2019,,257.879,118.6,14115.4,,102.148,78.0665,3.6,217.488
6/11/2019,1.57,,,,,,,,
13/11/2019,1.55,,,,,,,,
20/11/2019,1.55,,,,,,,,
27/11/2019,1.55,,,,,,,,
1/12/2019,,258.63,119,14137.1,,101.884,77.8163,3.6,221.18
4/12/2019,1.56,,,,,,,,
11/12/2019,1.55,,,,,,,,
18/12/2019,1.55,,,,,,,,
25/12/2019,1.55,,,,,,,,
1/1/2020,1.55,258.906,119.3,14184.8,20665.553,101.3768,77.3913,3.6,217.628
8/1/2020,1.55,,,,,,,,
15/1/2020,1.54,,,,,,,,
22/1/2020,1.55,,,,,,,,
29/1/2020,1.55,,,,,,,,
1/2/2020,,259.246,118.6,14167.8,,101.633,77.5663,3.5,213.935
5/2/2020,1.59,,,,,,,,
12/2/2020,1.58,,,,,,,,
19/2/2020,1.58,,,,,,,,
26/2/2020,1.58,,,,,,,,
1/3/2020,,258.15,118,13234.3,,97.6672,74.5352,4.4,202.31
4/3/2020,1.51,,,,,,,,
11/3/2020,1.09,,,,,,,,
18/3/2020,0.74,,,,,,,,
25/3/2020,0.15,,,,,,,,
1/4/2020,0.09,256.126,116.6,11783.3,19034.83,84.5979,64.5714,14.8,183.317
8/4/2020,0.05,,,,,,,,
15/4/2020,0.05,,,,,,,,
22/4/2020,0.05,,,,,,,,
29/4/2020,0.04,,,,,,,,
1/5/2020,,255.848,117.2,12758,,85.9732,65.6487,13.2,180.118
6/5/2020,0.05,,,,,,,,
13/5/2020,0.05,,,,,,,,
20/5/2020,0.05,,,,,,,,
27/5/2020,0.05,,,,,,,,
1/6/2020,,257.004,117.5,13464.8,,91.5625,69.9664,11,188.292
3/6/2020,0.05,,,,,,,,
10/6/2020,0.07,,,,,,,,
17/6/2020,0.08,,,,,,,,
24/6/2020,0.09,,,,,,,,
1/7/2020,0.08,258.408,118.2,13667.3,20511.785,95.0144,72.6784,10.2,192.769
8/7/2020,0.09,,,,,,,,
15/7/2020,0.09,,,,,,,,
22/7/2020,0.09,,,,,,,,
29/7/2020,0.09,,,,,,,,
1/8/2020,,259.366,118.4,13761.1,,95.8881,73.4452,8.4,194.285
5/8/2020,0.1,,,,,,,,
12/8/2020,0.1,,,,,,,,
19/8/2020,0.1,,,,,,,,
26/8/2020,0.09,,,,,,,,
1/9/2020,,259.951,118.7,13953.4,,95.8444,73.5298,7.8,196.476
2/9/2020,0.09,,,,,,,,
9/9/2020,0.09,,,,,,,,
16/9/2020,0.09,,,,,,,,
23/9/2020,0.09,,,,,,,,
30/9/2020,0.09,,,,,,,,
1/10/2020,,260.249,119.4,13988.6,20724.128,96.4292,74.1142,6.8,195.593
7/10/2020,0.09,,,,,,,,
14/10/2020,0.09,,,,,,,,
21/10/2020,0.09,,,,,,,,
28/10/2020,0.09,,,,,,,,
1/11/2020,,260.895,119.5,13953.9,,96.8564,74.5927,6.7,196.878
4/11/2020,0.09,,,,,,,,
11/11/2020,0.09,,,,,,,,
18/11/2020,0.09,,,,,,,,
25/11/2020,0.08,,,,,,,,
1/12/2020,,262.005,120,14006.3,,97.9754,75.6169,6.7,205.228
2/12/2020,0.08,,,,,,,,
9/12/2020,0.09,,,,,,,,
16/12/2020,0.09,,,,,,,,
23/12/2020,0.09,,,,,,,,
30/12/2020,0.09,,,,,,,,
1/1/2021,,262.518,121.2,14180.7,20990.541,98.7836,76.4136,6.4,209.996
6/1/2021,0.09,,,,,,,,
13/1/2021,0.09,,,,,,,,
20/1/2021,0.09,,,,,,,,
27/1/2021,0.08,,,,,,,,
1/2/2021,,263.583,122,14037.8,,95.3744,73.9408,6.2,218.972
3/2/2021,0.07,,,,,,,,
10/2/2021,0.08,,,,,,,,
17/2/2021,0.08,,,,,,,,
24/2/2021,0.07,,,,,,,,
1/3/2021,,264.91,122.8,14629.3,,98.1351,76.2498,6.1,228.547
3/3/2021,0.07,,,,,,,,
10/3/2021,0.07,,,,,,,,
17/3/2021,0.07,,,,,,,,
24/3/2021,0.07,,,,,,,,
31/3/2021,0.07,,,,,,,,
1/4/2021,,266.752,124.1,14730.7,21309.544,98.2886,76.5375,6.1,228.914
7/4/2021,0.07,,,,,,,,
14/4/2021,0.07,,,,,,,,
21/4/2021,0.07,,,,,,,,
28/4/2021,0.07,,,,,,,,
1/5/2021,,268.452,125.3,14689.6,,99.1508,77.3697,5.8,230.563
5/5/2021,0.06,,,,,,,,
12/5/2021,0.06,,,,,,,,
19/5/2021,0.06,,,,,,,,
26/5/2021,0.06,,,,,,,,
1/6/2021,,270.664,126.2,14816.4,,99.5096,77.7972,5.9,234.339
2/6/2021,0.05,,,,,,,,
9/6/2021,0.06,,,,,,,,
16/6/2021,0.06,,,,,,,,
23/6/2021,0.1,,,,,,,,
30/6/2021,0.1,,,,,,,,
1/7/2021,,271.994,127.504,14784,21483.083,100.1231,78.4064,5.4,238.07
7/7/2021,0.1,,,,,,,,
14/7/2021,0.1,,,,,,,,
21/7/2021,0.1,,,,,,,,
28/7/2021,0.1,,,,,,,,
1/8/2021,,272.789,128.574,14863,,100.1255,78.5176,5.1,242.276
4/8/2021,0.09,,,,,,,,
11/8/2021,0.1,,,,,,,,
18/8/2021,0.1,,,,,,,,
25/8/2021,0.09,,,,,,,,
1/9/2021,0.08,273.887,129.188,14899.4,,99.0614,77.7675,4.7,244.994
8/9/2021,0.08,,,,,,,,
15/9/2021,0.08,,,,,,,,
22/9/2021,0.08,,,,,,,,
29/9/2021,0.08,,,,,,,,
1/10/2021,,276.434,130.061,14997.3,21847.602,100.3045,78.8064,4.5,253.846
6/10/2021,0.08,,,,,,,,
13/10/2021,0.08,,,,,,,,
20/10/2021,0.08,,,,,,,,
27/10/2021,0.08,,,,,,,,
1/11/2021,,278.799,131.455,15019.2,,101.1971,79.5489,4.1,262.529
3/11/2021,0.08,,,,,,,,
10/11/2021,0.08,,,,,,,,
17/11/2021,0.08,,,,,,,,
24/11/2021,0.08,,,,,,,,
1/12/2021,0.08,280.808,132.224,14970.4,,100.886,79.3243,3.9,267.042
8/12/2021,0.08,,,,,,,,
15/12/2021,0.08,,,,,,,,
22/12/2021,0.08,,,,,,,,
29/12/2021,0.08,,,,,,,,
1/1/2022,,282.39,133.576,14971.1,21738.871,101.0227,79.4322,4,267.529
5/1/2022,0.08,,,,,,,,
12/1/2022,0.08,,,,,,,,
19/1/2022,0.08,,,,,,,,
26/1/2022,0.08,,,,,,,,
1/2/2022,,284.535,134.821,14980.6,,101.6766,79.9253,3.8,275.479
2/2/2022,0.08,,,,,,,,
9/2/2022,0.08,,,,,,,,
16/2/2022,0.08,,,,,,,,
23/2/2022,0.08,,,,,,,,
1/3/2022,,287.553,137.041,15034,,102.478,80.5162,3.6,301.162
2/3/2022,0.08,,,,,,,,
9/3/2022,0.08,,,,,,,,
16/3/2022,0.08,,,,,,,,
23/3/2022,0.33,,,,,,,,
30/3/2022,0.33,,,,,,,,
1/4/2022,,288.764,137.805,15081.7,21708.16,102.7953,80.7112,3.7,298.07
6/4/2022,0.33,,,,,,,,
13/4/2022,0.33,,,,,,,,
20/4/2022,0.33,,,,,,,,
27/4/2022,0.33,,,,,,,,
1/5/2022,,291.359,139.026,15060,,102.7769,80.6275,3.6,309.968
4/5/2022,0.33,,,,,,,,
11/5/2022,0.83,,,,,,,,
18/5/2022,0.83,,,,,,,,
25/5/2022,0.83,,,,,,,,
1/6/2022,0.83,294.996,140.238,15065.8,,102.6863,80.4742,3.6,331.738
8/6/2022,0.83,,,,,,,,
15/6/2022,0.83,,,,,,,,
22/6/2022,1.58,,,,,,,,
29/6/2022,1.58,,,,,,,,
1/7/2022,,294.977,139.837,15069.1,21851.134,103.1328,80.7318,3.5,315.749
6/7/2022,1.58,,,,,,,,
13/7/2022,1.58,,,,,,,,
20/7/2022,1.58,,,,,,,,
27/7/2022,1.58,,,,,,,,
1/8/2022,,295.209,139.721,15136.3,,103.2344,80.7118,3.6,299.73
3/8/2022,2.33,,,,,,,,
10/8/2022,2.33,,,,,,,,
17/8/2022,2.33,,,,,,,,
24/8/2022,2.33,,,,,,,,
31/8/2022,2.33,,,,,,,,
1/9/2022,,296.341,140.137,15176.7,,103.5283,80.8369,3.5,293.505
7/9/2022,2.33,,,,,,,,
14/9/2022,2.33,,,,,,,,
21/9/2022,2.33,,,,,,,,
28/9/2022,3.08,,,,,,,,
1/10/2022,,297.863,140.666,15202.7,21989.981,103.4114,80.6377,3.6,298.751
5/10/2022,3.08,,,,,,,,
12/10/2022,3.08,,,,,,,,
19/10/2022,3.08,,,,,,,,
26/10/2022,3.08,,,,,,,,
1/11/2022,,298.648,141.18,15149.8,,103.0707,80.2626,3.6,296.809
2/11/2022,3.08,,,,,,,,
9/11/2022,3.83,,,,,,,,
16/11/2022,3.83,,,,,,,,
23/11/2022,3.83,,,,,,,,
30/11/2022,3.83,,,,,,,,
1/12/2022,,298.812,140.696,15161.7,,101.4848,78.9195,3.5,285.709
7/12/2022,3.83,,,,,,,,
14/12/2022,3.83,,,,,,,,
21/12/2022,4.33,,,,,,,,
28/12/2022,4.33,,,,,,,,
1/1/2023,,300.356,141.286,15317.6,22112.329,102.5478,79.6374,3.4,290.504
4/1/2023,4.33,,,,,,,,
11/1/2023,4.33,,,,,,,,
18/1/2023,4.33,,,,,,,,
25/1/2023,4.33,,,,,,,,
1/2/2023,4.33,301.509,141.237,15325.5,,102.5671,79.5454,3.6,289.216
8/2/2023,4.58,,,,,,,,
15/2/2023,4.58,,,,,,,,
22/2/2023,4.58,,,,,,,,
1/3/2023,4.58,301.744,140.738,15295.4,,102.6592,79.5118,3.5,281.399
8/3/2023,4.57,,,,,,,,
15/3/2023,4.57,,,,,,,,
22/3/2023,4.58,,,,,,,,
29/3/2023,4.83,,,,,,,,
1/4/2023,,303.032,140.977,15316.9,22225.35,103.1512,79.79,3.4,283.473
5/4/2023,4.83,,,,,,,,
12/4/2023,4.83,,,,,,,,
19/4/2023,4.83,,,,,,,,
26/4/2023,4.83,,,,,,,,
1/5/2023,,303.365,140.664,15337.4,,102.924,79.5144,3.7,275.071
3/5/2023,4.83,,,,,,,,
10/5/2023,5.08,,,,,,,,
17/5/2023,5.08,,,,,,,,
24/5/2023,5.08,,,,,,,,
31/5/2023,5.08,,,,,,,,
1/6/2023,,304.003,140.672,15376.3,,102.3002,78.9361,3.6,276.411
7/6/2023,5.08,,,,,,,,
14/6/2023,5.08,,,,,,,,
21/6/2023,5.08,,,,,,,,
28/6/2023,5.07,,,,,,,,
1/7/2023,,304.628,141.461,15448.3,22490.692,103.19,79.5299,3.5,276.352
5/7/2023,5.08,,,,,,,,
12/7/2023,5.08,,,,,,,,
19/7/2023,5.08,,,,,,,,
26/7/2023,5.08,,,,,,,,
1/8/2023,,306.187,142.353,15439.8,,103.1141,79.3823,3.8,288.392
2/8/2023,5.33,,,,,,,,
9/8/2023,5.33,,,,,,,,
16/8/2023,5.33,,,,,,,,
23/8/2023,5.33,,,,,,,,
30/8/2023,5.33,,,,,,,,
1/9/2023,,307.288,142.658,15496,,103.2974,79.4371,3.8,291.71
6/9/2023,5.33,,,,,,,,
13/9/2023,5.33,,,,,,,,
20/9/2023,5.33,,,,,,,,
27/9/2023,5.33,,,,,,,,
1/10/2023,,307.531,142.191,15519.9,22679.255,102.5683,78.7929,3.8,285.488
4/10/2023,5.33,,,,,,,,
11/10/2023,5.33,,,,,,,,
18/10/2023,5.33,,,,,,,,
25/10/2023,5.33,,,,,,,,
1/11/2023,5.33,308.024,142.267,15584.3,,102.9049,78.9696,3.7,281.042
8/11/2023,5.33,,,,,,,,
15/11/2023,5.33,,,,,,,,
22/11/2023,5.33,,,,,,,,
29/11/2023,5.33,,,,,,,,
1/12/2023,,308.742,142.17,15655.8,,102.5743,78.6358,3.7,280.443
6/12/2023,5.33,,,,,,,,
13/12/2023,5.33,,,,,,,,
20/12/2023,5.33,,,,,,,,
27/12/2023,5.33,,,,,,,,
1/1/2024,,309.685,142.683,15609.1,22749.846,101.7987,77.9346,3.7,277.897
3/1/2024,5.33,,,,,,,,
10/1/2024,5.33,,,,,,,,
17/1/2024,5.33,,,,,,,,
24/1/2024,5.33,,,,,,,,
31/1/2024,5.33,,,,,,,,
1/2/2024,,311.054,143.522,15659.3,,102.6317,78.4842,3.9,284.175
7/2/2024,5.33,,,,,,,,
14/2/2024,5.33,,,,,,,,
21/2/2024,5.33,,,,,,,,
28/2/2024,5.33,,,,,,,,
1/3/2024,,312.23,143.429,15723,,102.7562,78.4879,3.8,287.399
6/3/2024,5.33,,,,,,,,
13/3/2024,5.33,,,,,,,,
20/3/2024,5.33,,,,,,,,
27/3/2024,5.33,,,,,,,,
1/4/2024,,313.207,144.179,15714.6,,102.7623,78.397,3.9,290.631
3/4/2024,5.33,,,,,,,,
10/4/2024,5.33,,,,,,,,
17/4/2024,5.33,,,,,,,,
24/4/2024,5.33,,,,,,,,
1/5/2024,5.33,313.225,143.822,,,,,4,284.742
8/5/2024,5.33,,,,,,,,
15/5/2024,5.33,,,,,,,,